OrderDetailID,OrderID,ProductID,Quantity,Price
99d85c57-0b97-4f8d-b23e-c810020bfe66,fb287a01-73b3-4dba-9721-cd545c885f4d,2df861fc-eaee-4c8c-b648-3a8291d55308,6,338.47
046c141f-062e-49e9-ac70-4cf8e40c15d7,fb287a01-73b3-4dba-9721-cd545c885f4d,98c65987-65fc-43c4-a721-9354016e2c3e,2,264.44
c24373a2-a38f-46fd-a922-0d766782c859,139792f0-3704-4998-acd4-ffa719c0af4a,80678304-0d89-4a20-961f-8695d66b4248,8,441.84
d7319cb1-1c4e-4466-8374-8a6882c8b210,139792f0-3704-4998-acd4-ffa719c0af4a,7bb885ba-2bf3-4f9b-a595-dabb23299c0b,5,236.56
66465932-ce62-41aa-a938-ea3ce8591a33,139792f0-3704-4998-acd4-ffa719c0af4a,7facc1d2-9721-49e7-a918-9e1d7c2101a2,2,471.37
bc76af1c-743e-404f-9e46-5cf7aec3805f,139792f0-3704-4998-acd4-ffa719c0af4a,876c81ef-c583-4f8e-8666-37dfb025fb5a,3,467.47
a36c1663-add4-4e7f-b4df-aa3064eb5e17,139792f0-3704-4998-acd4-ffa719c0af4a,553944f4-e5b2-4cf6-aa92-31ddac09db51,9,60.55
397566a9-dc60-4535-a2ac-4b8968d24669,3a0c07ad-31e4-44a7-9b43-fa86694542c8,7b7cdd38-d091-4d78-81df-de30bad9f808,3,170.92
29e19b37-c34c-47f0-bf7e-922d53bfe9d5,47b579da-c828-4a7f-a4ea-9d3769b9a1d9,e16c83a8-951c-4330-b27b-102cc09d0f8c,8,413.11
612dd60b-a216-4521-9998-16f91fde4cb9,47b579da-c828-4a7f-a4ea-9d3769b9a1d9,893e367c-93e0-49e2-a73e-28eed835e990,2,63.39
bdec64d0-ab7e-4399-b1f8-69205064ddc8,91d39c5a-65bc-4a95-a381-5df1f4533dc6,82f8f56a-1ad8-4351-8cb4-30ad6b9887fb,2,160.64
d61ad464-2c64-49d5-80eb-03368c6020be,91d39c5a-65bc-4a95-a381-5df1f4533dc6,5f825d8c-c4e0-4a49-8826-83cecc001ffb,7,430.7
878c74e2-e9ae-45c4-84ab-3926e70a7346,91d39c5a-65bc-4a95-a381-5df1f4533dc6,eb4daa9f-d7e4-445b-b6f2-446cff14261a,6,192.08
a7b64d9e-8938-46d4-84cc-c6fa3a12a5a2,91d39c5a-65bc-4a95-a381-5df1f4533dc6,d01533b0-3d42-4cd8-89e6-967746acd4fd,6,448.81
3367341e-d8c4-4655-806e-0b62e2d78501,8af2b1fc-a10b-4a3f-9f88-b6632f938d98,7facc1d2-9721-49e7-a918-9e1d7c2101a2,7,471.37
3e5a2bcd-e5be-4d0d-9934-df4f054d430f,8af2b1fc-a10b-4a3f-9f88-b6632f938d98,d01533b0-3d42-4cd8-89e6-967746acd4fd,9,448.81
85dd6e7e-2a75-4bdb-b4e7-32c0ab8df817,891e6af5-5c93-4f4e-b9fe-825565fbcaf5,45984ce7-d513-4104-b732-f384ba60aaab,2,327.22
e68406b7-83a9-4575-b4bd-ae24c2f16d15,891e6af5-5c93-4f4e-b9fe-825565fbcaf5,69badd35-2e3f-45d9-9639-af94276e8479,8,173.7
e6c185ba-2d02-4799-9ff4-9faffebf549e,891e6af5-5c93-4f4e-b9fe-825565fbcaf5,d01533b0-3d42-4cd8-89e6-967746acd4fd,8,448.81
27d9aaa6-f5a2-4d45-89d5-4344d1572047,891e6af5-5c93-4f4e-b9fe-825565fbcaf5,9df7a589-73e8-4847-ab5f-e2b2661199b1,5,230.51
77baf9ba-d6ff-4475-8341-887d82f149c8,745ef059-abe7-4cb1-abd8-148aa7defb72,e16c83a8-951c-4330-b27b-102cc09d0f8c,9,413.11
0bbf8433-729a-4826-bf51-7e3b6e1027cb,745ef059-abe7-4cb1-abd8-148aa7defb72,3352fa79-e2a7-4b8e-8de6-b513aef7ac0c,10,342.96
8bc3bf80-67ee-4f74-a7a3-0d60b8b29a2b,745ef059-abe7-4cb1-abd8-148aa7defb72,eb4daa9f-d7e4-445b-b6f2-446cff14261a,10,192.08
b90e7b7d-7803-4655-956e-62497901dc6b,745ef059-abe7-4cb1-abd8-148aa7defb72,49f49643-1bdf-4b2c-b799-c7d3a90e9f55,4,58.2
ccc1e61a-95e3-4937-af82-438e298f4c2f,745ef059-abe7-4cb1-abd8-148aa7defb72,8c440424-4303-478d-a8eb-7bb52ce4e146,5,40.64
58371299-444e-4b74-aaef-eb43f2fbdc27,3c6167ff-22c8-4139-9d63-51066fa51e0c,2df861fc-eaee-4c8c-b648-3a8291d55308,6,338.47
be4292b3-c586-429c-97ee-4402a796e7bb,3c6167ff-22c8-4139-9d63-51066fa51e0c,32e97c33-c5b1-49fd-9818-e18ecc398d16,8,425.79
d681b1ce-35a1-4e7a-98ee-dbcff5debac7,f3c47f0e-0347-46be-a147-73fc7cc9a0e8,86818d17-f0de-4eb2-b76d-8401bcc7821c,7,228.55
2c42364c-e92e-4514-abe0-99c1659c86c4,f3c47f0e-0347-46be-a147-73fc7cc9a0e8,69880688-153d-40cb-a078-9d8718981adb,5,374.96
46f56deb-f1c3-452e-a5e2-de5a2268cd2c,f3c47f0e-0347-46be-a147-73fc7cc9a0e8,6e750cc6-a516-40e8-bafc-7e9e8111b296,10,107.75
c17adfd2-ffb4-48ed-8d2f-ca35c38d8dd6,d2d07c41-adf0-4fdd-8c04-059c06de33aa,374d9e26-5ebc-43eb-ba2a-410e3c770170,1,270.28
8474f7a6-55d0-4de0-99ef-7d0d67921b5f,d2d07c41-adf0-4fdd-8c04-059c06de33aa,876c81ef-c583-4f8e-8666-37dfb025fb5a,6,467.47
19d72d8b-7bfd-4a17-8e2d-b5e84a100bfa,d2d07c41-adf0-4fdd-8c04-059c06de33aa,49f49643-1bdf-4b2c-b799-c7d3a90e9f55,3,58.2
ea6a5104-f82d-4a3c-9a70-c8832179ba26,d2d07c41-adf0-4fdd-8c04-059c06de33aa,553944f4-e5b2-4cf6-aa92-31ddac09db51,1,60.55
d2c2c2d3-8f38-443b-b5de-4859292f8bc3,d2d07c41-adf0-4fdd-8c04-059c06de33aa,80678304-0d89-4a20-961f-8695d66b4248,8,441.84
d742bc19-76bc-44ad-984b-065ef9ee0fe7,9097cf43-1823-4da3-b4aa-8aad6cd94a6a,553944f4-e5b2-4cf6-aa92-31ddac09db51,9,60.55
a06b0de7-e3ae-4dfa-b6ec-065b0dc672cc,9097cf43-1823-4da3-b4aa-8aad6cd94a6a,553944f4-e5b2-4cf6-aa92-31ddac09db51,9,60.55
55ca725a-34a9-42cb-8c5a-2595791e83ad,9097cf43-1823-4da3-b4aa-8aad6cd94a6a,78c42031-3b53-4975-be69-c87de18bd970,6,9.47
01a1d014-0d30-4706-bc50-f8e6a98420f1,9097cf43-1823-4da3-b4aa-8aad6cd94a6a,1b89fc3b-37f4-4c69-8170-ab0139d8e876,7,21.5
3782ce86-7805-4cb0-821e-923324c2b7d2,ad9a54bc-a0c1-49f6-9513-86e13babc079,49f49643-1bdf-4b2c-b799-c7d3a90e9f55,2,58.2
742bfbca-0c89-418e-b9cf-8decbc6f8461,ad9a54bc-a0c1-49f6-9513-86e13babc079,e16c83a8-951c-4330-b27b-102cc09d0f8c,3,413.11
2646a43b-19db-4232-91a2-2463671850bd,61712b6b-ffb1-4e81-9b47-11740b3f4856,76a1e873-add2-412e-aff8-1c18ff402b3e,1,193.84
f209ba1a-627e-401d-b8b7-2084df8d2535,61712b6b-ffb1-4e81-9b47-11740b3f4856,9f324660-f323-4786-a4ce-2f7fd46b71f8,7,49.58
a184ba6e-21fc-4a56-946d-4b1e5c20f0fc,61712b6b-ffb1-4e81-9b47-11740b3f4856,9f324660-f323-4786-a4ce-2f7fd46b71f8,1,49.58
2cc2a661-6e8c-4de9-9ec4-acfdf5886afb,61712b6b-ffb1-4e81-9b47-11740b3f4856,a569d020-fe30-4177-833b-893d91baf755,4,193.1
e8d3442b-3819-461c-ae90-1890f106b160,61712b6b-ffb1-4e81-9b47-11740b3f4856,80678304-0d89-4a20-961f-8695d66b4248,3,441.84
e7622698-dd83-4b05-bfbc-abd8b5270785,82fd7973-e516-4c4a-ab10-ae0f653d50ea,eeed11aa-9702-4d81-9c9f-c63bc450de70,1,30.88
d8594107-3b36-4f30-8d79-90baaec795da,82fd7973-e516-4c4a-ab10-ae0f653d50ea,d01533b0-3d42-4cd8-89e6-967746acd4fd,9,448.81
c453d2f6-3e38-44a5-a12d-e21bc16f58ac,82fd7973-e516-4c4a-ab10-ae0f653d50ea,c9858d73-cc78-4c7e-86aa-384015898622,6,166.44
cba5e836-9174-46a8-b509-c86f9a84866b,6d2fd171-9a21-4c11-9987-9434a9acace5,29fc88f3-fcfc-4027-8e1e-8ba0e03126c0,6,114.25
fcba7a6a-2ae0-48da-a053-89aa974ef975,9fafccae-005f-4f21-96cc-fb3a05fede03,d01533b0-3d42-4cd8-89e6-967746acd4fd,9,448.81
b768b929-2af8-4457-a1a6-fd9914afcc91,9fafccae-005f-4f21-96cc-fb3a05fede03,becff1ff-bfb5-49d5-8188-8d6be0522484,10,67.78
abe5d841-878a-4e29-8812-f210a0360a7c,9fafccae-005f-4f21-96cc-fb3a05fede03,80678304-0d89-4a20-961f-8695d66b4248,10,441.84
f5d68056-cd29-47a4-b354-fe44838cb28f,9fafccae-005f-4f21-96cc-fb3a05fede03,e16c83a8-951c-4330-b27b-102cc09d0f8c,5,413.11
ab4d2c49-28db-441b-abba-c068d3ae28a0,3672822d-fea3-4aa8-acb4-3ee25b6b59d8,78c42031-3b53-4975-be69-c87de18bd970,4,9.47
9b87a388-b060-4d97-a70d-e30c481ba8d9,3672822d-fea3-4aa8-acb4-3ee25b6b59d8,eeed11aa-9702-4d81-9c9f-c63bc450de70,7,30.88
128c6b46-55da-4fa5-8332-cc624ae713a0,3672822d-fea3-4aa8-acb4-3ee25b6b59d8,7bb885ba-2bf3-4f9b-a595-dabb23299c0b,7,236.56
d088d216-2e2e-4b01-b69e-5b84d679933e,69704b97-2184-4cea-8766-44a3666942cf,553944f4-e5b2-4cf6-aa92-31ddac09db51,7,60.55
9c2a90dd-a955-4626-8c25-201087176e62,69704b97-2184-4cea-8766-44a3666942cf,553944f4-e5b2-4cf6-aa92-31ddac09db51,10,60.55
3e499dac-49a7-4cd5-87ff-ad852b1a6b7a,69704b97-2184-4cea-8766-44a3666942cf,7ee2cf0e-5a94-4e3b-9f05-1db1df557610,8,89.51
6007e4dc-3af2-461d-b1aa-f598ec9055cb,95d9c658-d83b-4724-8ef0-0108c9ba12de,374d9e26-5ebc-43eb-ba2a-410e3c770170,1,270.28
78cb8e07-45bf-426a-b7f6-861e755ebab5,95d9c658-d83b-4724-8ef0-0108c9ba12de,0ec3a2b1-9d62-4031-bb5b-1cef53b906a4,8,319.15
6d5e1f18-475a-4fa9-90b4-ce6b2578bac6,95d9c658-d83b-4724-8ef0-0108c9ba12de,1b89fc3b-37f4-4c69-8170-ab0139d8e876,9,21.5
e336201e-4150-492a-adb8-52fdab00dd1c,a8808086-77cd-442a-9616-827cac12bccc,f16d9126-ef9c-4d9f-b8e8-9320b276a968,5,359.51
458ef171-4e35-4b88-8bf7-28774b35403b,f0cb1cc5-e323-4b17-93e3-1b025b6ea7db,98c65987-65fc-43c4-a721-9354016e2c3e,10,264.44
d8b45132-3f99-40bb-bf54-ff6fd1aa307e,bed570bd-cc7d-45ac-8dca-75eb6d255b2e,49f49643-1bdf-4b2c-b799-c7d3a90e9f55,3,58.2
1ffae1eb-67cf-46b3-ae5f-746b134fb76e,bed570bd-cc7d-45ac-8dca-75eb6d255b2e,1b89fc3b-37f4-4c69-8170-ab0139d8e876,10,21.5
d5b0d023-7503-4e73-a95e-9813f1e56433,efd34836-ef57-42ec-bfc6-a4d078ba2416,7b7cdd38-d091-4d78-81df-de30bad9f808,2,170.92
ec771d4e-77fa-470c-8270-245accb4fd5d,efd34836-ef57-42ec-bfc6-a4d078ba2416,7ee2cf0e-5a94-4e3b-9f05-1db1df557610,4,89.51
af0e841e-68f6-4d10-83ec-2619615b15c3,efd34836-ef57-42ec-bfc6-a4d078ba2416,826cfb3f-0476-4137-aadd-72d8268fa9a5,8,363.37
a90ec3e7-d0a1-42a5-9183-1978cf2023fb,f8af2dc0-5468-4d9a-a43b-4255fd28b3d4,893e367c-93e0-49e2-a73e-28eed835e990,10,63.39
3654fb9a-c871-42dd-952c-2040e62c475c,f8af2dc0-5468-4d9a-a43b-4255fd28b3d4,6e750cc6-a516-40e8-bafc-7e9e8111b296,2,107.75
00724eaf-b3a7-48a5-b14e-4573eb34dff7,f9fa1984-f4db-46c0-bc05-56caa139ab89,8401fc7b-859e-4a2b-8541-f53f9413e8d9,10,338.35
b8eac736-c727-4818-be04-5881bef34b0a,f9fa1984-f4db-46c0-bc05-56caa139ab89,78f3efb0-1f6f-4f3c-a40b-8146a05df907,10,68.28
25d47d3d-c04d-476f-828c-65d3399ef413,f9fa1984-f4db-46c0-bc05-56caa139ab89,1b89fc3b-37f4-4c69-8170-ab0139d8e876,8,21.5
0e19c403-7eef-4b29-8f9a-b301e3719ac7,f9fa1984-f4db-46c0-bc05-56caa139ab89,d01533b0-3d42-4cd8-89e6-967746acd4fd,9,448.81
21b34dac-a779-450b-a0c3-67b9cb927ef3,93b003dd-034f-441f-947d-caab633710e6,29fc88f3-fcfc-4027-8e1e-8ba0e03126c0,2,114.25
0ee81691-b66b-49c1-99a4-cfd3a00e89cb,93b003dd-034f-441f-947d-caab633710e6,2df861fc-eaee-4c8c-b648-3a8291d55308,5,338.47
626b104e-1af6-4bd4-abef-0003e2541481,93b003dd-034f-441f-947d-caab633710e6,78f3efb0-1f6f-4f3c-a40b-8146a05df907,9,68.28
c6391a04-7b6b-4fda-bf7f-393788d97927,a651cedf-7d01-4c9d-9556-3d6a26b1356e,78f3efb0-1f6f-4f3c-a40b-8146a05df907,7,68.28
0053423d-1d24-4268-8e0e-c3f5399160a5,a651cedf-7d01-4c9d-9556-3d6a26b1356e,a569d020-fe30-4177-833b-893d91baf755,3,193.1
a9655023-d7a4-4bdc-99e7-f9ccc5a43694,a651cedf-7d01-4c9d-9556-3d6a26b1356e,eeed11aa-9702-4d81-9c9f-c63bc450de70,4,30.88
5ac59bf2-66ac-4d27-8a02-d1a1a4acaf6a,a651cedf-7d01-4c9d-9556-3d6a26b1356e,6e750cc6-a516-40e8-bafc-7e9e8111b296,5,107.75
2660d922-1747-49a4-b7c8-0c686bae27b9,dbc41a2e-2ac7-42fc-aaa7-45980d9628cb,8401fc7b-859e-4a2b-8541-f53f9413e8d9,2,338.35
9313b203-d5c9-4490-88dd-92444c0b43d9,73b33efa-8bb6-43d7-ae61-d01a9a3be61a,7facc1d2-9721-49e7-a918-9e1d7c2101a2,7,471.37
44442347-052d-4f09-b57d-4b5fa6aab684,73b33efa-8bb6-43d7-ae61-d01a9a3be61a,82f8f56a-1ad8-4351-8cb4-30ad6b9887fb,7,160.64
5e4be3e7-3b6d-4962-a5eb-5836bf91a065,73b33efa-8bb6-43d7-ae61-d01a9a3be61a,7bb885ba-2bf3-4f9b-a595-dabb23299c0b,8,236.56
6c8d77e0-533d-4da1-abb4-8541c1eae181,f5b142a6-6ea9-40b7-abb2-998ad0367c8b,d01533b0-3d42-4cd8-89e6-967746acd4fd,9,448.81
13c7faa7-845a-4093-b724-ca9429afb5ae,f5b142a6-6ea9-40b7-abb2-998ad0367c8b,7b7cdd38-d091-4d78-81df-de30bad9f808,10,170.92
6611f396-c356-48c3-b522-8bb8342b11c3,f5b142a6-6ea9-40b7-abb2-998ad0367c8b,82f8f56a-1ad8-4351-8cb4-30ad6b9887fb,9,160.64
fdb8909b-d6ac-4762-b5ff-3b0b1d491647,f5b142a6-6ea9-40b7-abb2-998ad0367c8b,9c9f4607-5f33-4bcb-b414-2ec7d8fd61f0,2,235.17
0d4ccbb1-0fd9-47b2-bad3-aa4faad20725,fb9b3dfc-009b-479a-a2a0-df379a655ac4,76a1e873-add2-412e-aff8-1c18ff402b3e,9,193.84
738649ed-1a5b-466e-bd7c-9764f939a41d,fb9b3dfc-009b-479a-a2a0-df379a655ac4,eeed11aa-9702-4d81-9c9f-c63bc450de70,2,30.88
b2d85bdd-146a-4ded-8e94-4f699e61779f,b36c0fa4-a2bb-40d7-9f8d-d8e0e0c063a7,1b89fc3b-37f4-4c69-8170-ab0139d8e876,8,21.5
9ef327e1-a229-4ea5-a0e3-c10cc883b924,b36c0fa4-a2bb-40d7-9f8d-d8e0e0c063a7,49f49643-1bdf-4b2c-b799-c7d3a90e9f55,9,58.2
7d5ea510-12b4-483c-9909-94c3a5f2162c,b36c0fa4-a2bb-40d7-9f8d-d8e0e0c063a7,7facc1d2-9721-49e7-a918-9e1d7c2101a2,7,471.37
e3069187-e08c-4fb6-9335-1a44f6ef77f6,b36c0fa4-a2bb-40d7-9f8d-d8e0e0c063a7,0ec3a2b1-9d62-4031-bb5b-1cef53b906a4,4,319.15
567a12bf-e68f-44b8-a964-029b93dee25b,b36c0fa4-a2bb-40d7-9f8d-d8e0e0c063a7,7facc1d2-9721-49e7-a918-9e1d7c2101a2,2,471.37
f2db5533-6e77-45c6-b048-89c618cee4f4,3c039140-bcc4-4f7d-80a5-def09d2a48eb,69badd35-2e3f-45d9-9639-af94276e8479,8,173.7
3a5a5675-b2c9-4d34-b319-d9588289e466,3c039140-bcc4-4f7d-80a5-def09d2a48eb,1b89fc3b-37f4-4c69-8170-ab0139d8e876,10,21.5
187ab2bb-abf4-49f8-85d6-e30218e64370,29c7eae3-b348-4e21-97b1-fdba4addb22b,45984ce7-d513-4104-b732-f384ba60aaab,7,327.22
a9bf7a75-a238-49c5-b0fb-ff0bf100e6b0,29c7eae3-b348-4e21-97b1-fdba4addb22b,7bb885ba-2bf3-4f9b-a595-dabb23299c0b,10,236.56
ed1bb1e5-93a4-43bb-8906-5f91dd5b37e4,29c7eae3-b348-4e21-97b1-fdba4addb22b,69880688-153d-40cb-a078-9d8718981adb,2,374.96
a4bd7782-1db4-4564-8a7e-a5e2b3d36c92,29c7eae3-b348-4e21-97b1-fdba4addb22b,9c9f4607-5f33-4bcb-b414-2ec7d8fd61f0,3,235.17
3fd8c3a0-13cb-4123-87ba-c458d35242c8,29c7eae3-b348-4e21-97b1-fdba4addb22b,3352fa79-e2a7-4b8e-8de6-b513aef7ac0c,2,342.96
77e7a948-8173-47cf-9f53-5b403c12a366,046674a5-469c-4f6c-bd4c-7989db841f18,5f825d8c-c4e0-4a49-8826-83cecc001ffb,6,430.7
ba54b0f6-0656-4d5a-8c05-b3ea7be2bae1,046674a5-469c-4f6c-bd4c-7989db841f18,7facc1d2-9721-49e7-a918-9e1d7c2101a2,8,471.37
f9c20c49-19ef-433a-b1aa-909e91b2c5cb,7214d9b6-a77c-4278-b469-19ce6ab55378,3ebeb7ef-2ee8-4977-83f0-633400a5d0df,7,220.24
6a38e221-09ef-4dd8-8869-06408a4fbc98,7214d9b6-a77c-4278-b469-19ce6ab55378,876c81ef-c583-4f8e-8666-37dfb025fb5a,4,467.47
bfa66d9a-42a5-47a2-86f6-5d3def1b707c,7214d9b6-a77c-4278-b469-19ce6ab55378,7cd7989a-8f1c-4d9e-bf71-cbba62bbc857,3,132.58
d402269a-4781-4bf8-9253-be125c7f9a31,7214d9b6-a77c-4278-b469-19ce6ab55378,9c9f4607-5f33-4bcb-b414-2ec7d8fd61f0,3,235.17
bb6df22a-6d61-497e-b618-1685960170fa,934ecd23-053f-4d23-b25f-d5744a0875a5,553944f4-e5b2-4cf6-aa92-31ddac09db51,4,60.55
3e84b04d-d9d8-4817-8f8c-c2e7c091ec53,934ecd23-053f-4d23-b25f-d5744a0875a5,2df861fc-eaee-4c8c-b648-3a8291d55308,7,338.47
ba74f612-85b7-4568-853d-510d03bbbd4c,934ecd23-053f-4d23-b25f-d5744a0875a5,924c1c3b-f515-4514-a2b6-6a53dcaf4924,4,436.54
9b6be85b-f49b-416c-ab0e-13b4031a490c,817b932d-c4a3-4f83-9fc3-b3a2d180b4eb,924c1c3b-f515-4514-a2b6-6a53dcaf4924,3,436.54
d7e30c5e-54be-4da3-91b7-4e71f3f95fb3,817b932d-c4a3-4f83-9fc3-b3a2d180b4eb,c2e58758-cddc-4d22-9141-4361f30c5000,8,151.92
b2bbc093-394f-48d0-ac32-81067879a4a4,817b932d-c4a3-4f83-9fc3-b3a2d180b4eb,eeed11aa-9702-4d81-9c9f-c63bc450de70,9,30.88
fbd7db70-1ecb-42a3-9e3b-129aa6237dc0,817b932d-c4a3-4f83-9fc3-b3a2d180b4eb,45984ce7-d513-4104-b732-f384ba60aaab,7,327.22
45a59ae0-8d5c-4ed9-88d3-29ea9bacad38,0adf46de-7ce8-4143-aed1-02bd528bf0da,98c65987-65fc-43c4-a721-9354016e2c3e,1,264.44
bfbea23e-0f76-4838-8d62-2c9fd58d6eee,0adf46de-7ce8-4143-aed1-02bd528bf0da,0ec3a2b1-9d62-4031-bb5b-1cef53b906a4,9,319.15
d0f3da6b-aa14-4ba5-b7a5-e57163ab8778,2006d810-534c-4e41-a01b-e31273966a20,49f49643-1bdf-4b2c-b799-c7d3a90e9f55,8,58.2
965b2e7c-3dd5-48a7-a08c-2373252f2181,2006d810-534c-4e41-a01b-e31273966a20,3352fa79-e2a7-4b8e-8de6-b513aef7ac0c,9,342.96
1d934bba-82bf-41bd-a570-161b7fa298ea,fe4f42ba-4f6b-4cc4-9575-0e4eaec28386,7cd7989a-8f1c-4d9e-bf71-cbba62bbc857,4,132.58
1ad2fb2c-4937-4592-ba07-ff0ff7dfd9b4,69e7d009-92d5-492a-b749-9178574e7374,becff1ff-bfb5-49d5-8188-8d6be0522484,4,67.78
ec101a38-4a5c-4c0f-b002-8adf110a992d,527325ac-e6f4-4aeb-b4cf-d1d43e43bf5f,9f324660-f323-4786-a4ce-2f7fd46b71f8,8,49.58
9c02d497-946e-4f1a-ae06-684fc481df95,ebd557e0-0448-42b9-af7a-24a986177c7f,becff1ff-bfb5-49d5-8188-8d6be0522484,1,67.78
8f6ad6a7-c417-4d81-8394-7e175829806e,ebd557e0-0448-42b9-af7a-24a986177c7f,089fbead-6c2d-4c7f-8e04-d581fd0f61e8,3,467.9
23f952b3-4836-4900-94d2-71cf5fdfd3bf,0bd0aef4-8e06-4df8-9c69-0fa04668d070,f16d9126-ef9c-4d9f-b8e8-9320b276a968,10,359.51
b44e0fd1-cf3a-4f9f-bc89-b5a14b6baf62,0bd0aef4-8e06-4df8-9c69-0fa04668d070,3352fa79-e2a7-4b8e-8de6-b513aef7ac0c,3,342.96
f623a2f4-2e7d-475c-b1fc-e3132ece2465,c662c1ae-1e3e-4216-b25b-2619d13b8c9a,5ca1b6a3-1a1d-45dc-a48f-26ee6d62d699,7,132.66
47b206ca-2830-4b3b-ab25-4134d1488ae7,c662c1ae-1e3e-4216-b25b-2619d13b8c9a,0e854daf-9038-401a-8851-37e39999489b,6,328.97
2d0280d9-79ba-45fe-9a9c-ea9e4550aed1,c662c1ae-1e3e-4216-b25b-2619d13b8c9a,9c9f4607-5f33-4bcb-b414-2ec7d8fd61f0,8,235.17
e7d839c2-4b60-461f-af27-1dcae71091e1,c662c1ae-1e3e-4216-b25b-2619d13b8c9a,82f8f56a-1ad8-4351-8cb4-30ad6b9887fb,6,160.64
e22f1d31-a82c-462a-8a3a-ec02fe28eb30,dd8963ad-760c-49e3-9dd5-55b41d89882a,49f49643-1bdf-4b2c-b799-c7d3a90e9f55,6,58.2
d1a331c2-2635-4104-91c2-eb8eb7a122b6,dd8963ad-760c-49e3-9dd5-55b41d89882a,924c1c3b-f515-4514-a2b6-6a53dcaf4924,3,436.54
1bedd84c-426e-41d8-b107-805a22a304d7,dd8963ad-760c-49e3-9dd5-55b41d89882a,7facc1d2-9721-49e7-a918-9e1d7c2101a2,2,471.37
5f3428da-1cbe-4b7b-8fd9-16b23f64440b,dee1f615-b788-4b84-9b7b-db6b82e6ce94,3ebeb7ef-2ee8-4977-83f0-633400a5d0df,4,220.24
e3d2c3cb-50ac-4210-a834-46539d9f466a,dee1f615-b788-4b84-9b7b-db6b82e6ce94,0ec3a2b1-9d62-4031-bb5b-1cef53b906a4,4,319.15
8fa9dca7-836b-407a-b7bf-76ec042d3fd7,74012f43-a630-4a1f-af2c-3d597b2f41be,e16c83a8-951c-4330-b27b-102cc09d0f8c,7,413.11
c87d0a40-4845-4a59-8544-868d7616a56c,74012f43-a630-4a1f-af2c-3d597b2f41be,d2c89052-cc9a-41c1-91a6-034360eab1a5,10,194.34
6c8e8e3b-61ed-4775-bc4e-9287cd91eb2d,74012f43-a630-4a1f-af2c-3d597b2f41be,76a1e873-add2-412e-aff8-1c18ff402b3e,5,193.84
f994ff39-8864-4670-9515-a4b26e7f9ab1,74012f43-a630-4a1f-af2c-3d597b2f41be,5ca1b6a3-1a1d-45dc-a48f-26ee6d62d699,8,132.66
7a65210b-553b-4aa8-82ab-4e66377f5805,4db5ae5b-b32a-45be-a1d6-fb1d4f264fcf,c2e58758-cddc-4d22-9141-4361f30c5000,4,151.92
8065e021-4d3c-48ed-a41c-cbbaa1cfd5c5,4db5ae5b-b32a-45be-a1d6-fb1d4f264fcf,d2c89052-cc9a-41c1-91a6-034360eab1a5,8,194.34
22f67dee-9dfc-44fb-82a1-25e9c68ca5c2,4db5ae5b-b32a-45be-a1d6-fb1d4f264fcf,3352fa79-e2a7-4b8e-8de6-b513aef7ac0c,4,342.96
06b8c858-7aa9-4f99-861e-c7ec110ee65c,4db5ae5b-b32a-45be-a1d6-fb1d4f264fcf,3ebeb7ef-2ee8-4977-83f0-633400a5d0df,4,220.24
61210812-feb1-4d99-a9f5-5029312dfbe4,bff2eb98-4e07-4a63-9f0a-1f64d9cf260d,45984ce7-d513-4104-b732-f384ba60aaab,5,327.22
2bb9926e-14c8-4db3-b810-541c0e45255c,bff2eb98-4e07-4a63-9f0a-1f64d9cf260d,82f8f56a-1ad8-4351-8cb4-30ad6b9887fb,1,160.64
ed19ddb0-80d7-44e7-91bb-bb0c97d263bd,bff2eb98-4e07-4a63-9f0a-1f64d9cf260d,98c65987-65fc-43c4-a721-9354016e2c3e,7,264.44
11dcc4bc-d5e8-4069-a577-fb7d9a1acac0,bff2eb98-4e07-4a63-9f0a-1f64d9cf260d,49f49643-1bdf-4b2c-b799-c7d3a90e9f55,10,58.2
e7c48ac7-c5cf-4897-bf4a-4c4d5e2c2cc5,db72a7b2-9e43-4b47-a599-0cb3e1907407,becff1ff-bfb5-49d5-8188-8d6be0522484,1,67.78
ca51dca7-0ab0-4a32-9a38-366284612a26,db72a7b2-9e43-4b47-a599-0cb3e1907407,a569d020-fe30-4177-833b-893d91baf755,8,193.1
099333d6-d67f-41ea-8016-d1c4d98fc935,db72a7b2-9e43-4b47-a599-0cb3e1907407,924c1c3b-f515-4514-a2b6-6a53dcaf4924,6,436.54
ee1e2198-f8a3-4e29-baf2-ab45ee6b6b8a,db72a7b2-9e43-4b47-a599-0cb3e1907407,8c440424-4303-478d-a8eb-7bb52ce4e146,1,40.64
2175a00d-47c3-4916-932b-f91837e1bd72,d6b45bdb-1292-44ec-959a-2d7f3298d353,924c1c3b-f515-4514-a2b6-6a53dcaf4924,2,436.54
ae3ff36b-b1ab-42c1-a5a7-51854c298885,d6b45bdb-1292-44ec-959a-2d7f3298d353,7facc1d2-9721-49e7-a918-9e1d7c2101a2,8,471.37
fc292594-8569-4f87-a0f4-0e2d51328fb2,d6b45bdb-1292-44ec-959a-2d7f3298d353,9f324660-f323-4786-a4ce-2f7fd46b71f8,5,49.58
9b92689f-3a84-413e-ad82-6dd6a8be4afa,d6b45bdb-1292-44ec-959a-2d7f3298d353,98c65987-65fc-43c4-a721-9354016e2c3e,1,264.44
2e5f25f2-073d-4b66-a61c-1da240948c01,eb41658a-31e1-4374-ad6d-386a93a48e0c,9c9f4607-5f33-4bcb-b414-2ec7d8fd61f0,1,235.17
1757520f-fe09-4bb7-a4ed-596f0d06578c,35f7282d-150e-4c06-8c3f-8dae40fd53e7,0ec3a2b1-9d62-4031-bb5b-1cef53b906a4,2,319.15
771f6423-407d-4110-89ee-53930c8990c5,303bfcd3-e091-4c03-b3a1-a351e60cecb3,5f825d8c-c4e0-4a49-8826-83cecc001ffb,7,430.7
64645f8e-3f1a-4bb5-91e5-8d5ff0218c54,303bfcd3-e091-4c03-b3a1-a351e60cecb3,374d9e26-5ebc-43eb-ba2a-410e3c770170,6,270.28
6be70235-a528-4cfa-a771-79c6221b7fa9,303bfcd3-e091-4c03-b3a1-a351e60cecb3,80678304-0d89-4a20-961f-8695d66b4248,10,441.84
bce6901f-986a-41a3-a6c0-e5f6940cd849,303bfcd3-e091-4c03-b3a1-a351e60cecb3,893e367c-93e0-49e2-a73e-28eed835e990,8,63.39
22169a33-9b13-419a-aab0-508239b68d29,303bfcd3-e091-4c03-b3a1-a351e60cecb3,924c1c3b-f515-4514-a2b6-6a53dcaf4924,10,436.54
3c9983d4-15f3-4190-949d-7a27f8f0f52e,d73364c8-7d2b-4a55-b79d-b734488e419d,089fbead-6c2d-4c7f-8e04-d581fd0f61e8,10,467.9
da8db2b5-4a72-4f4b-9bbe-677d51e6cadd,d73364c8-7d2b-4a55-b79d-b734488e419d,0e854daf-9038-401a-8851-37e39999489b,10,328.97
2b44a02e-d31f-46a6-afaf-15801ed72d56,d73364c8-7d2b-4a55-b79d-b734488e419d,82f8f56a-1ad8-4351-8cb4-30ad6b9887fb,1,160.64
d5db9bae-b4bb-4950-b48f-da82791b6d7f,d73364c8-7d2b-4a55-b79d-b734488e419d,45984ce7-d513-4104-b732-f384ba60aaab,3,327.22
cc5d76a8-04c0-4bc5-9510-87b86616b124,d73364c8-7d2b-4a55-b79d-b734488e419d,69880688-153d-40cb-a078-9d8718981adb,5,374.96
af8fd513-467c-4eca-8480-fe6c80875611,922252ba-0bdc-4794-9990-9bc4bd93adff,d2c89052-cc9a-41c1-91a6-034360eab1a5,7,194.34
94e22b46-cd5b-408a-8654-80e513419cc7,922252ba-0bdc-4794-9990-9bc4bd93adff,0ec3a2b1-9d62-4031-bb5b-1cef53b906a4,2,319.15
1c93dc5d-fc8a-4344-8dc8-cfed4704440b,74bcc029-2eab-4d15-acc4-adf6c01c7b99,49f49643-1bdf-4b2c-b799-c7d3a90e9f55,1,58.2
7472b920-63e6-40b1-a745-cc77504d9f44,74bcc029-2eab-4d15-acc4-adf6c01c7b99,69badd35-2e3f-45d9-9639-af94276e8479,10,173.7
0c45871e-a1c9-4664-af5b-7510c4c0a115,74bcc029-2eab-4d15-acc4-adf6c01c7b99,1b89fc3b-37f4-4c69-8170-ab0139d8e876,8,21.5
98593238-fda4-4192-af96-d657aa483f25,74bcc029-2eab-4d15-acc4-adf6c01c7b99,553944f4-e5b2-4cf6-aa92-31ddac09db51,4,60.55
5e2aa8c0-1c79-4950-980a-2401663a320e,41d6eeb3-b4bd-4c80-a97e-4824a2e391a5,0ec3a2b1-9d62-4031-bb5b-1cef53b906a4,6,319.15
9a16e23b-7eeb-49b2-b232-b022e5dba191,41d6eeb3-b4bd-4c80-a97e-4824a2e391a5,7ee2cf0e-5a94-4e3b-9f05-1db1df557610,4,89.51
c12cdabc-af2f-4ff1-8f1e-e52fa1db08a6,41d6eeb3-b4bd-4c80-a97e-4824a2e391a5,d2c89052-cc9a-41c1-91a6-034360eab1a5,9,194.34
5b54db15-f6f8-47d2-96e9-3a4b731bca65,130fda76-ea23-4686-8067-4e87ae2c1d5a,7cd7989a-8f1c-4d9e-bf71-cbba62bbc857,7,132.58
52660740-af40-4ae2-afee-03715326eee3,118803bd-7c29-4c09-a1e8-dd5d9412b784,826cfb3f-0476-4137-aadd-72d8268fa9a5,7,363.37
b863f47a-0af3-420a-91b7-56b3c4d59483,118803bd-7c29-4c09-a1e8-dd5d9412b784,8c440424-4303-478d-a8eb-7bb52ce4e146,4,40.64
9afdc538-645c-445e-bfd2-685950698c65,118803bd-7c29-4c09-a1e8-dd5d9412b784,78c42031-3b53-4975-be69-c87de18bd970,10,9.47
dd716de4-984b-4a65-b874-d914798d556b,118803bd-7c29-4c09-a1e8-dd5d9412b784,9df7a589-73e8-4847-ab5f-e2b2661199b1,5,230.51
c7770952-8850-498b-a7f9-1958a6f1ed5f,118803bd-7c29-4c09-a1e8-dd5d9412b784,089fbead-6c2d-4c7f-8e04-d581fd0f61e8,7,467.9
2daa37cd-985a-4846-a471-46ad30715dd4,47781746-1251-46fb-b21d-8592c5704d7f,1b89fc3b-37f4-4c69-8170-ab0139d8e876,7,21.5
9f2ca9be-4767-4988-9148-dcd6da846565,47781746-1251-46fb-b21d-8592c5704d7f,826cfb3f-0476-4137-aadd-72d8268fa9a5,6,363.37
daf31e2b-d17d-4a86-8cdc-b087f4233a12,47781746-1251-46fb-b21d-8592c5704d7f,78f3efb0-1f6f-4f3c-a40b-8146a05df907,1,68.28
911530d8-9542-4a75-a403-c7ccbc139d21,bccb725d-4aba-43a5-9abc-58039b47adf2,76a1e873-add2-412e-aff8-1c18ff402b3e,7,193.84
a54c58cb-6c63-4c3f-9ce3-7b45f96eade1,bccb725d-4aba-43a5-9abc-58039b47adf2,7ee2cf0e-5a94-4e3b-9f05-1db1df557610,9,89.51
58090e32-41ea-4c03-bce4-a724f5adf837,bccb725d-4aba-43a5-9abc-58039b47adf2,eb4daa9f-d7e4-445b-b6f2-446cff14261a,2,192.08
c6291cb8-25e6-44e9-acd5-6d4a644cd50a,bccb725d-4aba-43a5-9abc-58039b47adf2,8401fc7b-859e-4a2b-8541-f53f9413e8d9,2,338.35
cad571d9-8097-41f2-b2e3-c9960fa3db48,1101b0ab-16af-46f1-8717-b8c23ab8482f,1b89fc3b-37f4-4c69-8170-ab0139d8e876,2,21.5
b69a2a5b-7b86-48ae-ac87-d5448d694edf,1101b0ab-16af-46f1-8717-b8c23ab8482f,8401fc7b-859e-4a2b-8541-f53f9413e8d9,1,338.35
9bf92959-2538-4c6b-ab04-d9fe3523d7b0,1101b0ab-16af-46f1-8717-b8c23ab8482f,7facc1d2-9721-49e7-a918-9e1d7c2101a2,5,471.37
80ab0e1a-6a05-416d-a4c8-ab73e8d55e54,1101b0ab-16af-46f1-8717-b8c23ab8482f,268cbefe-0bd5-44c0-bf63-918e7a758b00,1,77.08
9211b000-0cb1-4c72-b493-df66c11d77df,bd106d1d-d8c6-4804-9d45-25a463a53c3b,374d9e26-5ebc-43eb-ba2a-410e3c770170,2,270.28
d6a78ee0-0689-4abf-ad18-74880e718f3d,d011624d-96f6-4343-bf23-05f279106880,32e97c33-c5b1-49fd-9818-e18ecc398d16,5,425.79
0ac822f3-6fb5-4b82-b143-b47a46e912b0,d011624d-96f6-4343-bf23-05f279106880,78c42031-3b53-4975-be69-c87de18bd970,5,9.47
9316bc24-747c-48b7-b3e1-9001b3bef593,d011624d-96f6-4343-bf23-05f279106880,5f825d8c-c4e0-4a49-8826-83cecc001ffb,10,430.7
bae4a454-a9e2-419e-8516-6aa278b3fa5a,bd5b5eaa-968b-4d93-8f36-5e5272356759,eb4daa9f-d7e4-445b-b6f2-446cff14261a,7,192.08
e8f5333b-4977-4cce-93fa-1edbd5bd5478,bd5b5eaa-968b-4d93-8f36-5e5272356759,089fbead-6c2d-4c7f-8e04-d581fd0f61e8,4,467.9
961d3d09-cbb1-4de2-aabc-f91cc2cb5eaa,bd5b5eaa-968b-4d93-8f36-5e5272356759,5f825d8c-c4e0-4a49-8826-83cecc001ffb,9,430.7
f5454757-a556-4168-8fd7-e02a341da775,40415473-ac66-43b6-adaa-16a6b68de040,3352fa79-e2a7-4b8e-8de6-b513aef7ac0c,6,342.96
097bed41-7b1a-4b34-ab4d-cdb8411742ed,fd5d43b0-e193-4803-8136-0a65cf49251d,69badd35-2e3f-45d9-9639-af94276e8479,6,173.7
ff428b88-f044-498a-b17e-9fdd51d19fd7,6f10a769-3c7f-45fe-90ef-c7ed8a4e3fb6,9f324660-f323-4786-a4ce-2f7fd46b71f8,2,49.58
8a9c4981-d76f-49f6-9d14-9ed4600637c7,6f10a769-3c7f-45fe-90ef-c7ed8a4e3fb6,d2c89052-cc9a-41c1-91a6-034360eab1a5,9,194.34
d7a227b7-619c-4f55-936d-01cca371ffde,3640988e-d4ca-462e-b6d4-e64b878b56e7,32e97c33-c5b1-49fd-9818-e18ecc398d16,7,425.79
eeeb5290-3ef4-4b34-8804-94c278983c4a,3640988e-d4ca-462e-b6d4-e64b878b56e7,2df861fc-eaee-4c8c-b648-3a8291d55308,8,338.47
769a8d94-34fa-4f04-bbfb-8435c69649a6,3640988e-d4ca-462e-b6d4-e64b878b56e7,7ee2cf0e-5a94-4e3b-9f05-1db1df557610,2,89.51
42ce53be-4b45-4f18-b6b2-0e559fa7a7a2,3640988e-d4ca-462e-b6d4-e64b878b56e7,924c1c3b-f515-4514-a2b6-6a53dcaf4924,1,436.54
ac88d6eb-c8ac-4614-8ef5-d9fa964b3b69,86a0f9cc-81a9-4040-bc62-57fce8175cf3,69badd35-2e3f-45d9-9639-af94276e8479,9,173.7
c5b6ec38-7e19-444f-981c-4e5fc4a55a82,86a0f9cc-81a9-4040-bc62-57fce8175cf3,49f49643-1bdf-4b2c-b799-c7d3a90e9f55,5,58.2
68619eb9-6d63-473a-ad8b-1a7a861433df,86a0f9cc-81a9-4040-bc62-57fce8175cf3,374d9e26-5ebc-43eb-ba2a-410e3c770170,2,270.28
44717337-4f3c-4444-af2d-2a1501ef63f8,45b0b396-fac0-4b37-ad2c-548337089f0c,924c1c3b-f515-4514-a2b6-6a53dcaf4924,10,436.54
8560b9f4-42d7-4191-b205-d0c5a14ff6b3,45b0b396-fac0-4b37-ad2c-548337089f0c,80678304-0d89-4a20-961f-8695d66b4248,3,441.84
9ea8a9af-3bfa-44a0-a76f-4d21668cbf71,45b0b396-fac0-4b37-ad2c-548337089f0c,826cfb3f-0476-4137-aadd-72d8268fa9a5,2,363.37
6d9c373b-50a2-45ef-b084-705a0eeaa707,45b0b396-fac0-4b37-ad2c-548337089f0c,29fc88f3-fcfc-4027-8e1e-8ba0e03126c0,2,114.25
fd3496ce-b4f5-44ce-b212-57c540022e45,45b0b396-fac0-4b37-ad2c-548337089f0c,32e97c33-c5b1-49fd-9818-e18ecc398d16,1,425.79
0f3794f4-a8db-452b-b3a9-c292d788ac83,5c355ef2-3900-43d9-bb1b-fdf9758175de,924c1c3b-f515-4514-a2b6-6a53dcaf4924,1,436.54
1d8ec098-390b-4cc5-9e8e-1cfef8443ff0,5c355ef2-3900-43d9-bb1b-fdf9758175de,a569d020-fe30-4177-833b-893d91baf755,7,193.1
2e728121-2fb8-4bc3-9385-333925052ffa,5c355ef2-3900-43d9-bb1b-fdf9758175de,924c1c3b-f515-4514-a2b6-6a53dcaf4924,9,436.54
3ed3ae2a-1a4c-4a18-b2aa-d7f7f7de2be1,5c355ef2-3900-43d9-bb1b-fdf9758175de,7facc1d2-9721-49e7-a918-9e1d7c2101a2,7,471.37
44211d76-fd70-4be0-89d7-405e769bc7b7,5c355ef2-3900-43d9-bb1b-fdf9758175de,f16d9126-ef9c-4d9f-b8e8-9320b276a968,5,359.51
86c29e7d-bf31-49ff-8ada-23db0766a4de,c7db010b-1b91-4eef-8048-1807a4185dec,8c440424-4303-478d-a8eb-7bb52ce4e146,6,40.64
52b1eb4b-b259-471f-8f5d-3a77d6c942a9,c7db010b-1b91-4eef-8048-1807a4185dec,9f324660-f323-4786-a4ce-2f7fd46b71f8,5,49.58
d5a47a11-d91c-47d9-9af5-48d53ab232a8,c7db010b-1b91-4eef-8048-1807a4185dec,86818d17-f0de-4eb2-b76d-8401bcc7821c,4,228.55
45f769eb-1a62-4cff-91ac-0b844cba7dc5,c7db010b-1b91-4eef-8048-1807a4185dec,82f8f56a-1ad8-4351-8cb4-30ad6b9887fb,6,160.64
3a3aa5d2-2662-40d3-8fee-d5d910535d65,fd27f64d-bba2-41d5-a361-7ca6f0b7ced3,7facc1d2-9721-49e7-a918-9e1d7c2101a2,4,471.37
af17c957-ccbb-4265-820a-cd2c7b1fc1d5,64afb6f8-c168-42fe-a933-dd98d780b148,3352fa79-e2a7-4b8e-8de6-b513aef7ac0c,2,342.96
aafdddc5-ff8a-4a13-8c71-347dd2f30bac,64afb6f8-c168-42fe-a933-dd98d780b148,d01533b0-3d42-4cd8-89e6-967746acd4fd,1,448.81
d6bb4a94-f559-4dad-9cd7-77c096b06d15,64afb6f8-c168-42fe-a933-dd98d780b148,924c1c3b-f515-4514-a2b6-6a53dcaf4924,8,436.54
852f9db8-1e4f-4bbc-9e5c-78edb7a6196e,801a0cb1-2316-4e98-85d9-2d45935a04c9,69880688-153d-40cb-a078-9d8718981adb,8,374.96
29c473b5-c270-4963-9817-66cea28760ca,801a0cb1-2316-4e98-85d9-2d45935a04c9,876c81ef-c583-4f8e-8666-37dfb025fb5a,7,467.47
6deb137a-5b6d-401a-a988-a2b48e1216f5,801a0cb1-2316-4e98-85d9-2d45935a04c9,876c81ef-c583-4f8e-8666-37dfb025fb5a,7,467.47
d62c5748-eb5a-45e6-a6c3-c6977874c5e4,801a0cb1-2316-4e98-85d9-2d45935a04c9,eeed11aa-9702-4d81-9c9f-c63bc450de70,4,30.88
72ad87ef-dd1e-49e1-8074-f510805e1492,c50b9756-3da8-4a0a-8dec-09577b164a3d,82f8f56a-1ad8-4351-8cb4-30ad6b9887fb,8,160.64
07026acc-6766-42be-853e-d4b602782b7b,c50b9756-3da8-4a0a-8dec-09577b164a3d,d01533b0-3d42-4cd8-89e6-967746acd4fd,5,448.81
e3b1dbf9-72bd-4cbe-a12a-aa8480030c6e,c50b9756-3da8-4a0a-8dec-09577b164a3d,69880688-153d-40cb-a078-9d8718981adb,7,374.96
1824cf6b-6d03-45e6-a4d2-d3a1c1e9b5d4,c50b9756-3da8-4a0a-8dec-09577b164a3d,7cd7989a-8f1c-4d9e-bf71-cbba62bbc857,4,132.58
a6b30c91-f019-4452-972d-aed785c070f6,80e30d4e-0ef3-49da-a2f1-6e39c4f11f10,7bb885ba-2bf3-4f9b-a595-dabb23299c0b,6,236.56
21b86791-89d2-4bd3-9846-58c762de95e5,024285c9-cc73-42dc-8c03-5cc6ca51326f,7bb885ba-2bf3-4f9b-a595-dabb23299c0b,6,236.56
67079ce8-1da7-45f8-8465-9b9b2fbd1746,024285c9-cc73-42dc-8c03-5cc6ca51326f,82f8f56a-1ad8-4351-8cb4-30ad6b9887fb,5,160.64
df92a713-59b0-4fbe-ac30-1b24350a8ada,fb003526-0a16-42df-815d-23bf85a65c33,eb4daa9f-d7e4-445b-b6f2-446cff14261a,5,192.08
be042071-2d61-464e-a9bc-9e9ed5d73be1,fb003526-0a16-42df-815d-23bf85a65c33,49f49643-1bdf-4b2c-b799-c7d3a90e9f55,8,58.2
528e60b3-0c48-4315-8282-1471c4b56e18,fb003526-0a16-42df-815d-23bf85a65c33,c9858d73-cc78-4c7e-86aa-384015898622,5,166.44
07932805-8397-4c83-b43d-901b26d9169a,fb003526-0a16-42df-815d-23bf85a65c33,c2e58758-cddc-4d22-9141-4361f30c5000,1,151.92
a3c54bee-fc23-48dc-b1d3-bf628e4aae39,fb003526-0a16-42df-815d-23bf85a65c33,8c440424-4303-478d-a8eb-7bb52ce4e146,6,40.64
d0fe178f-91c4-4f28-b708-17be63f6ef33,896c721c-3e16-43a0-9ea8-0b278baf50b1,49f49643-1bdf-4b2c-b799-c7d3a90e9f55,10,58.2
ccc902b8-6c7d-478b-b2f0-72eb19610157,b9f74164-0501-4429-84f5-aee007f1a963,29fc88f3-fcfc-4027-8e1e-8ba0e03126c0,5,114.25
04ccb070-0bd3-458f-91d2-fdb05019f540,b9f74164-0501-4429-84f5-aee007f1a963,6e750cc6-a516-40e8-bafc-7e9e8111b296,4,107.75
4b93ae30-7739-461f-bbbf-383d9a683d10,01b45f65-288c-4786-a4ba-e9404ed7fce8,f16d9126-ef9c-4d9f-b8e8-9320b276a968,3,359.51
5ba696ac-2bc4-4bbc-b885-cdfbca89ee3b,5e327f25-1c08-4596-bf0f-7b833af83a26,86818d17-f0de-4eb2-b76d-8401bcc7821c,2,228.55
3f628b42-e68c-44de-886b-c7dc3589a820,5e327f25-1c08-4596-bf0f-7b833af83a26,eeed11aa-9702-4d81-9c9f-c63bc450de70,1,30.88
d710c79d-c68c-4f51-9455-227ff979f334,ad691b4c-0022-40ee-8bc4-22d87e46befe,7b7cdd38-d091-4d78-81df-de30bad9f808,3,170.92
ec93053c-bf36-41be-99f2-1b7bb7044b16,ad691b4c-0022-40ee-8bc4-22d87e46befe,82f8f56a-1ad8-4351-8cb4-30ad6b9887fb,9,160.64
489f3e53-2548-438a-a0a9-488bcf11ac31,0ecee982-1a09-4faf-a5e2-91b13170182b,9f324660-f323-4786-a4ce-2f7fd46b71f8,2,49.58
a2ba2fd6-d7b9-4a5a-a33e-c2d507fdaad5,0ecee982-1a09-4faf-a5e2-91b13170182b,49f49643-1bdf-4b2c-b799-c7d3a90e9f55,6,58.2
53b2f529-c569-4680-b47e-02545f12e4bd,0ecee982-1a09-4faf-a5e2-91b13170182b,893e367c-93e0-49e2-a73e-28eed835e990,2,63.39
5db1ad35-c745-4337-b2ad-2dc7f59e236f,0ecee982-1a09-4faf-a5e2-91b13170182b,826cfb3f-0476-4137-aadd-72d8268fa9a5,8,363.37
68c65694-487b-4acf-a228-d7a7c902f3e5,0ecee982-1a09-4faf-a5e2-91b13170182b,9c9f4607-5f33-4bcb-b414-2ec7d8fd61f0,6,235.17
fc9d6a4d-d2e6-4bb7-a2a9-33521a1c74ed,9dd6cebd-185c-4e61-a20a-85816520a791,80678304-0d89-4a20-961f-8695d66b4248,8,441.84
c49f7c46-bb32-4930-b2d5-c11aea0ce5d8,ef3e4bfd-abdc-4a28-9f66-77587f71c67a,49f49643-1bdf-4b2c-b799-c7d3a90e9f55,4,58.2
cf10a254-11fc-4a83-b10f-46f110fcdbf5,ef3e4bfd-abdc-4a28-9f66-77587f71c67a,7facc1d2-9721-49e7-a918-9e1d7c2101a2,3,471.37
ca32cbbb-f67b-4695-bfb7-0d84b432dfe2,ef3e4bfd-abdc-4a28-9f66-77587f71c67a,374d9e26-5ebc-43eb-ba2a-410e3c770170,5,270.28
4f066ae9-ec4d-492f-a6f6-edd5af2a410c,ef3e4bfd-abdc-4a28-9f66-77587f71c67a,69880688-153d-40cb-a078-9d8718981adb,5,374.96
c89ac611-599e-4e27-a944-7089ec8d51b2,ef3e4bfd-abdc-4a28-9f66-77587f71c67a,69880688-153d-40cb-a078-9d8718981adb,8,374.96
7e855c35-4eec-47c5-a366-be1527caf08b,ad03dab0-3efc-4253-a214-611ee3a9adce,5f825d8c-c4e0-4a49-8826-83cecc001ffb,6,430.7
2b2bc2ff-cc46-4899-b8d5-3ababfd2db5a,ad03dab0-3efc-4253-a214-611ee3a9adce,c2e58758-cddc-4d22-9141-4361f30c5000,10,151.92
5e3aecf6-a10e-404c-afab-da3d4a49b33f,ad03dab0-3efc-4253-a214-611ee3a9adce,d01533b0-3d42-4cd8-89e6-967746acd4fd,8,448.81
91440119-5dc0-4006-97b7-23885f8ea927,ad03dab0-3efc-4253-a214-611ee3a9adce,86818d17-f0de-4eb2-b76d-8401bcc7821c,3,228.55
00d594dd-b303-4857-8aea-c9cd00eb0bb7,769f0954-4501-476a-ac59-9e081195b202,2df861fc-eaee-4c8c-b648-3a8291d55308,8,338.47
fc8ee8f4-0251-4bae-83fc-4ffc38abc663,540d0d42-f388-46b4-a803-43cabd5c39a4,826cfb3f-0476-4137-aadd-72d8268fa9a5,1,363.37
502802cb-2432-4e02-917d-cf25b77dc2b7,540d0d42-f388-46b4-a803-43cabd5c39a4,d01533b0-3d42-4cd8-89e6-967746acd4fd,6,448.81
9db56e4b-7bd1-46c3-9203-0137b50356d0,540d0d42-f388-46b4-a803-43cabd5c39a4,9df7a589-73e8-4847-ab5f-e2b2661199b1,5,230.51
fa3bee97-b10f-4105-b62f-f064f5ab4c43,540d0d42-f388-46b4-a803-43cabd5c39a4,45984ce7-d513-4104-b732-f384ba60aaab,4,327.22
273fdd52-73ae-4c2b-89fa-0b21c62166e5,540d0d42-f388-46b4-a803-43cabd5c39a4,0e854daf-9038-401a-8851-37e39999489b,3,328.97
1c7b39ad-3002-4cfa-b82a-190ca1dc4862,bbe9dd0d-a0b4-4efa-9469-15e6eff13f40,5f825d8c-c4e0-4a49-8826-83cecc001ffb,1,430.7
8e218597-7441-4591-87aa-24ca425db916,0cf72276-8575-4d03-b56d-4a710e7e0e89,29fc88f3-fcfc-4027-8e1e-8ba0e03126c0,10,114.25
1cea7426-7692-42c5-9a5c-9e3292bacf17,0cf72276-8575-4d03-b56d-4a710e7e0e89,7cd7989a-8f1c-4d9e-bf71-cbba62bbc857,5,132.58
3f606c1e-aa26-4cb8-b386-fd1788537ea3,0cf72276-8575-4d03-b56d-4a710e7e0e89,69880688-153d-40cb-a078-9d8718981adb,9,374.96
2a2fa8a1-9f8c-40d7-994f-800378b95d1d,0cf72276-8575-4d03-b56d-4a710e7e0e89,8401fc7b-859e-4a2b-8541-f53f9413e8d9,5,338.35
1bfe662f-1aad-430b-9abc-8ae9f6480c60,0cf72276-8575-4d03-b56d-4a710e7e0e89,2df861fc-eaee-4c8c-b648-3a8291d55308,6,338.47
55e143b5-b250-47d8-8535-a0608085d5d9,3da402c4-bb11-4e6d-b0d2-fb4be521197a,a569d020-fe30-4177-833b-893d91baf755,8,193.1
889dcbf5-9e3a-413e-af98-966415d77368,3da402c4-bb11-4e6d-b0d2-fb4be521197a,80678304-0d89-4a20-961f-8695d66b4248,8,441.84
4d025779-ff3f-4135-a3d1-cf2a9ceb25b3,247fd1ad-2be8-4626-bb5e-86cea0d4a0d4,49f49643-1bdf-4b2c-b799-c7d3a90e9f55,5,58.2
8ce88d55-85e5-463f-88fc-1dd96f834492,247fd1ad-2be8-4626-bb5e-86cea0d4a0d4,924c1c3b-f515-4514-a2b6-6a53dcaf4924,6,436.54
5cfbe434-d005-473d-8b79-6a0990b4811d,247fd1ad-2be8-4626-bb5e-86cea0d4a0d4,32e97c33-c5b1-49fd-9818-e18ecc398d16,7,425.79
e837e556-0c02-40f0-860e-74d43cbfefbe,1ea43e8e-8f1b-4b26-93a7-eca5fc05d7e3,45984ce7-d513-4104-b732-f384ba60aaab,2,327.22
153fc472-e8d5-4d38-9386-8fc123372061,1ea43e8e-8f1b-4b26-93a7-eca5fc05d7e3,553944f4-e5b2-4cf6-aa92-31ddac09db51,10,60.55
dd3d3ea6-a438-4ab4-a83a-959e91d52dc4,1ea43e8e-8f1b-4b26-93a7-eca5fc05d7e3,374d9e26-5ebc-43eb-ba2a-410e3c770170,6,270.28
2ebac122-cb7c-44e6-b416-ff6d345a8b6a,531b76cc-9bcd-43d1-9aa7-c0ac57a2497a,3ebeb7ef-2ee8-4977-83f0-633400a5d0df,5,220.24
08af97ea-5e0b-473c-b87a-4e1b7e62ea37,531b76cc-9bcd-43d1-9aa7-c0ac57a2497a,893e367c-93e0-49e2-a73e-28eed835e990,10,63.39
bda260eb-19a2-4ca4-a1a4-aeaefaaff3f7,97150347-3f3f-4548-803d-6f88a02fce7b,6e750cc6-a516-40e8-bafc-7e9e8111b296,1,107.75
a40fbe6b-b06c-4ab4-80bf-9506b5c7cf88,97150347-3f3f-4548-803d-6f88a02fce7b,82f8f56a-1ad8-4351-8cb4-30ad6b9887fb,1,160.64
1f23aabd-1e35-489e-9fa6-b6ba5423e0e9,97150347-3f3f-4548-803d-6f88a02fce7b,8c440424-4303-478d-a8eb-7bb52ce4e146,7,40.64
1ab54a90-4a4a-4d28-aee5-a4c74e7895d1,97150347-3f3f-4548-803d-6f88a02fce7b,9f324660-f323-4786-a4ce-2f7fd46b71f8,7,49.58
8bbc8bf6-186e-447c-b3e1-848371723a0f,97150347-3f3f-4548-803d-6f88a02fce7b,7cd7989a-8f1c-4d9e-bf71-cbba62bbc857,3,132.58
95ea0b93-79ab-4aab-b516-fa26ea1194fc,87bf797a-141a-41e0-9565-5f50c143730f,c2e58758-cddc-4d22-9141-4361f30c5000,7,151.92
80f225db-c0a6-4000-83e9-48e5c09536d2,87bf797a-141a-41e0-9565-5f50c143730f,69badd35-2e3f-45d9-9639-af94276e8479,10,173.7
88430bc7-a3c4-4fe9-987d-4f826c473d14,87bf797a-141a-41e0-9565-5f50c143730f,7cd7989a-8f1c-4d9e-bf71-cbba62bbc857,6,132.58
7e4c9855-3a2e-41cf-9d1e-809f5872143e,87bf797a-141a-41e0-9565-5f50c143730f,1b89fc3b-37f4-4c69-8170-ab0139d8e876,2,21.5
e910f06b-4372-4cf5-91b6-4e80fbc58521,3e0ec60e-a614-4c15-a7c5-ddb39060a414,268cbefe-0bd5-44c0-bf63-918e7a758b00,10,77.08
56ffb63c-0216-432a-9acd-45fca2250f78,3e0ec60e-a614-4c15-a7c5-ddb39060a414,7bb885ba-2bf3-4f9b-a595-dabb23299c0b,5,236.56
6e67b52e-db33-4328-bd2a-e99c97ab3aa7,717e0d56-befc-40b9-ada2-31067bb9eb96,268cbefe-0bd5-44c0-bf63-918e7a758b00,3,77.08
fd8e1b23-db50-442a-95ae-4095c6ff2797,717e0d56-befc-40b9-ada2-31067bb9eb96,553944f4-e5b2-4cf6-aa92-31ddac09db51,9,60.55
8801aeea-2549-42d4-88e6-35d9de8bc960,717e0d56-befc-40b9-ada2-31067bb9eb96,9c9f4607-5f33-4bcb-b414-2ec7d8fd61f0,4,235.17
4662f83a-8385-4a4a-8a95-9fa37e419185,717e0d56-befc-40b9-ada2-31067bb9eb96,98c65987-65fc-43c4-a721-9354016e2c3e,7,264.44
15519556-5fd2-4cec-97b0-8e864d06655b,61fa4524-999c-4aa9-b0e1-48462355d928,69badd35-2e3f-45d9-9639-af94276e8479,1,173.7
d838235d-f3c9-47d0-98f5-b1a0be60b916,292d78f2-1dc5-475c-a21a-5ca99ce55f04,893e367c-93e0-49e2-a73e-28eed835e990,3,63.39
bd3f202e-0aec-44eb-bdb0-a3f643eff7c9,292d78f2-1dc5-475c-a21a-5ca99ce55f04,a569d020-fe30-4177-833b-893d91baf755,9,193.1
2f72a921-fed1-4031-919e-ac716c6d9808,292d78f2-1dc5-475c-a21a-5ca99ce55f04,86818d17-f0de-4eb2-b76d-8401bcc7821c,4,228.55
c64385c6-d500-41db-b875-33d9ea2cef44,292d78f2-1dc5-475c-a21a-5ca99ce55f04,f16d9126-ef9c-4d9f-b8e8-9320b276a968,7,359.51
58bc5e13-9ee2-4e9a-bdf9-ed70dbae0f8c,292d78f2-1dc5-475c-a21a-5ca99ce55f04,6e750cc6-a516-40e8-bafc-7e9e8111b296,4,107.75
292b4a0d-a292-4326-914d-f14ed04b6c63,bb4400c0-8f83-4cf7-afd5-99f8e620398a,69badd35-2e3f-45d9-9639-af94276e8479,6,173.7
0e944080-d944-46a3-8465-d45a007c2176,bb4400c0-8f83-4cf7-afd5-99f8e620398a,1b89fc3b-37f4-4c69-8170-ab0139d8e876,4,21.5
0e52888a-f713-41f5-b690-07ba5433436b,bb4400c0-8f83-4cf7-afd5-99f8e620398a,c9858d73-cc78-4c7e-86aa-384015898622,10,166.44
c8f18010-d0a5-4f30-8919-556ef5f227b7,bb4400c0-8f83-4cf7-afd5-99f8e620398a,8c440424-4303-478d-a8eb-7bb52ce4e146,7,40.64
4976d935-c86b-44d3-84c1-2e0c404aec32,bb4400c0-8f83-4cf7-afd5-99f8e620398a,9df7a589-73e8-4847-ab5f-e2b2661199b1,3,230.51
678e0270-57c3-4ec7-967a-a3ed73fc04d0,031b95f5-8dd4-4dcb-8124-4d33f4429c8a,1b89fc3b-37f4-4c69-8170-ab0139d8e876,10,21.5
76f777c1-ffe5-42c0-8b40-941c210afa43,031b95f5-8dd4-4dcb-8124-4d33f4429c8a,893e367c-93e0-49e2-a73e-28eed835e990,9,63.39
c04da985-313f-4e6e-9a71-3f967feb20b3,031b95f5-8dd4-4dcb-8124-4d33f4429c8a,c2e58758-cddc-4d22-9141-4361f30c5000,8,151.92
8439a8df-e18f-4df8-9ff4-452450da8fc0,031b95f5-8dd4-4dcb-8124-4d33f4429c8a,becff1ff-bfb5-49d5-8188-8d6be0522484,8,67.78
94671d7d-202e-4473-9569-34e6f0aebb33,031b95f5-8dd4-4dcb-8124-4d33f4429c8a,c2e58758-cddc-4d22-9141-4361f30c5000,1,151.92
05987978-ef5b-4094-b509-c14adc82e648,0ed67e3f-be11-4d49-a3e6-164fddf5569c,78f3efb0-1f6f-4f3c-a40b-8146a05df907,8,68.28
1df5829f-c16d-4df3-ba5e-545337270d21,0ed67e3f-be11-4d49-a3e6-164fddf5569c,9f324660-f323-4786-a4ce-2f7fd46b71f8,4,49.58
cf13eed1-4a5c-418a-8e09-34d6216b5217,0ed67e3f-be11-4d49-a3e6-164fddf5569c,82f8f56a-1ad8-4351-8cb4-30ad6b9887fb,4,160.64
fe001171-fc04-4470-8ddb-1a0cb4c8bd70,0ed67e3f-be11-4d49-a3e6-164fddf5569c,98c65987-65fc-43c4-a721-9354016e2c3e,3,264.44
e0cb4627-81fa-435d-ae00-a0f2f11119b2,0ed67e3f-be11-4d49-a3e6-164fddf5569c,eb4daa9f-d7e4-445b-b6f2-446cff14261a,2,192.08
e0609439-1405-4443-9f35-6315c3425137,e03b9f0b-5c0e-46c9-9d6b-2995c3c28298,a569d020-fe30-4177-833b-893d91baf755,9,193.1
fbfbf49c-ed0d-451b-8498-4d1195e20f3b,e03b9f0b-5c0e-46c9-9d6b-2995c3c28298,69880688-153d-40cb-a078-9d8718981adb,8,374.96
49dba5db-c05f-4a02-ab32-868aba7b12c0,e03b9f0b-5c0e-46c9-9d6b-2995c3c28298,089fbead-6c2d-4c7f-8e04-d581fd0f61e8,10,467.9
a2fcd8ae-56dc-44d6-a0ba-4c64d7d94a7d,e03b9f0b-5c0e-46c9-9d6b-2995c3c28298,6e750cc6-a516-40e8-bafc-7e9e8111b296,5,107.75
ba50415d-27ed-40a2-bd44-943960747eee,f8779c83-090f-4713-90ff-865e84f93699,1b89fc3b-37f4-4c69-8170-ab0139d8e876,2,21.5
cfdff048-5f4e-46db-bf24-a75b924d8fe3,f8779c83-090f-4713-90ff-865e84f93699,8401fc7b-859e-4a2b-8541-f53f9413e8d9,5,338.35
443074f7-da0d-4dba-afd9-ba36e9528f70,f8779c83-090f-4713-90ff-865e84f93699,c2e58758-cddc-4d22-9141-4361f30c5000,9,151.92
59d6812f-bc8a-4371-9c04-ab34e496d036,f8779c83-090f-4713-90ff-865e84f93699,1b89fc3b-37f4-4c69-8170-ab0139d8e876,6,21.5
473cce12-0fcf-4a6d-ac87-25751decdd46,f8779c83-090f-4713-90ff-865e84f93699,7ee2cf0e-5a94-4e3b-9f05-1db1df557610,6,89.51
24406c21-eca8-48aa-a37d-000456509c53,852d2ff5-22ce-4bca-a6db-9101136df0ef,7cd7989a-8f1c-4d9e-bf71-cbba62bbc857,6,132.58
782dd84f-60e1-42f5-bc01-744c67b60d0c,01dec2f6-29b0-4287-84e2-5d25b7f390aa,32e97c33-c5b1-49fd-9818-e18ecc398d16,9,425.79
28325d40-fbfe-438e-8387-950c77d0ed82,01dec2f6-29b0-4287-84e2-5d25b7f390aa,29fc88f3-fcfc-4027-8e1e-8ba0e03126c0,1,114.25
98968646-6946-408b-a953-07ab3c3cd51b,01dec2f6-29b0-4287-84e2-5d25b7f390aa,78c42031-3b53-4975-be69-c87de18bd970,7,9.47
4e59e2d8-f7f8-484b-bc4d-7485afd6d30e,01dec2f6-29b0-4287-84e2-5d25b7f390aa,0e854daf-9038-401a-8851-37e39999489b,2,328.97
1f710509-ee6b-459e-9443-ec699da13732,4a526db4-420d-4c6e-9101-7499365ca86c,2df861fc-eaee-4c8c-b648-3a8291d55308,7,338.47
c8cd8d8d-8b86-476a-b9b8-e8917e4fa92e,4a526db4-420d-4c6e-9101-7499365ca86c,c2e58758-cddc-4d22-9141-4361f30c5000,5,151.92
e01b01ff-2806-4f46-9073-a3d181c8fa32,4a526db4-420d-4c6e-9101-7499365ca86c,0e854daf-9038-401a-8851-37e39999489b,7,328.97
cd565d78-cc58-4dad-add1-18aa33b3d7bb,4a526db4-420d-4c6e-9101-7499365ca86c,0e854daf-9038-401a-8851-37e39999489b,4,328.97
e4c662a0-5f55-41c8-b607-8e794165136c,4a526db4-420d-4c6e-9101-7499365ca86c,826cfb3f-0476-4137-aadd-72d8268fa9a5,1,363.37
5268e5a5-28a1-44a0-aa31-2e2da87457bc,2ad45895-f97e-4600-b40b-c1fc3f595c2a,7bb885ba-2bf3-4f9b-a595-dabb23299c0b,8,236.56
a2c3b404-478f-463d-88fc-dba571327041,2ad45895-f97e-4600-b40b-c1fc3f595c2a,8401fc7b-859e-4a2b-8541-f53f9413e8d9,9,338.35
4d849fb6-fb13-4228-841f-47349705b317,2ad45895-f97e-4600-b40b-c1fc3f595c2a,49f49643-1bdf-4b2c-b799-c7d3a90e9f55,9,58.2
1142b169-99a9-4a2f-8192-50fcab1c5211,38149dce-2507-4e77-930a-bc317e37ff73,8401fc7b-859e-4a2b-8541-f53f9413e8d9,1,338.35
d4f2cbb2-6fa6-46ee-bcac-abe0e076fd5c,38149dce-2507-4e77-930a-bc317e37ff73,f16d9126-ef9c-4d9f-b8e8-9320b276a968,7,359.51
a2b97de2-4ff7-4955-a128-a25a9431861a,69b5d1ab-2a14-4181-b9b4-1e8ea1e3323e,d01533b0-3d42-4cd8-89e6-967746acd4fd,10,448.81
3fde0249-c887-43b8-a04b-5a08580519a9,69b5d1ab-2a14-4181-b9b4-1e8ea1e3323e,1b89fc3b-37f4-4c69-8170-ab0139d8e876,10,21.5
f9bbdcf2-a413-4e13-ae90-2453446ee3ee,e70ec36d-854c-44b1-af50-1c5281d2fd22,7ee2cf0e-5a94-4e3b-9f05-1db1df557610,7,89.51
7aeb77dc-a276-40a9-add2-fcc6eb592ec5,e70ec36d-854c-44b1-af50-1c5281d2fd22,becff1ff-bfb5-49d5-8188-8d6be0522484,10,67.78
fed8c2b5-11e3-4a90-8a78-ba4a954347ff,f5fc76fb-e2cc-4da4-8e35-1fa1ae3f40b3,c9858d73-cc78-4c7e-86aa-384015898622,1,166.44
4dfa42bf-588d-4384-b3eb-e9494024dce6,f5fc76fb-e2cc-4da4-8e35-1fa1ae3f40b3,0ec3a2b1-9d62-4031-bb5b-1cef53b906a4,10,319.15
2a862c3a-d5be-4df4-b7b5-a5b627294815,f5fc76fb-e2cc-4da4-8e35-1fa1ae3f40b3,893e367c-93e0-49e2-a73e-28eed835e990,8,63.39
673af306-55e2-4de5-bae9-46b41a732bf3,f5fc76fb-e2cc-4da4-8e35-1fa1ae3f40b3,7cd7989a-8f1c-4d9e-bf71-cbba62bbc857,2,132.58
3daa3dc1-7dc6-41b3-8839-5c309c2baaab,f5fc76fb-e2cc-4da4-8e35-1fa1ae3f40b3,78f3efb0-1f6f-4f3c-a40b-8146a05df907,10,68.28
413a8f36-ef18-4a14-9d0b-2d1f957456a9,4093d7ab-7808-499c-8349-f9c6740e4714,7facc1d2-9721-49e7-a918-9e1d7c2101a2,7,471.37
22eec8a2-ff3f-492a-b20c-058e816bd486,4093d7ab-7808-499c-8349-f9c6740e4714,924c1c3b-f515-4514-a2b6-6a53dcaf4924,5,436.54
7adbeed4-183e-4e88-a68a-5bf7c7778ca0,4093d7ab-7808-499c-8349-f9c6740e4714,5ca1b6a3-1a1d-45dc-a48f-26ee6d62d699,6,132.66
e3ce4dc8-1a35-44c2-9888-0a75c803482f,4093d7ab-7808-499c-8349-f9c6740e4714,9c9f4607-5f33-4bcb-b414-2ec7d8fd61f0,6,235.17
5d3a7caa-4afa-4bc3-a614-6ec07fd04183,4093d7ab-7808-499c-8349-f9c6740e4714,7cd7989a-8f1c-4d9e-bf71-cbba62bbc857,4,132.58
d3f292e4-8dbb-488b-90ff-d47f2993f834,e66e1c1b-4583-494a-9ec0-f0b8451c4061,32e97c33-c5b1-49fd-9818-e18ecc398d16,2,425.79
9f6123a2-5d0e-41b0-bff7-e2ce0089e1d7,e66e1c1b-4583-494a-9ec0-f0b8451c4061,a569d020-fe30-4177-833b-893d91baf755,6,193.1
23a5dc59-d09e-42d9-ad82-661828508a4f,649a5811-a5c3-407a-b5f3-79cd286403c6,089fbead-6c2d-4c7f-8e04-d581fd0f61e8,1,467.9
c2af7278-9098-4c03-b99a-e3e98e42e5c1,649a5811-a5c3-407a-b5f3-79cd286403c6,78c42031-3b53-4975-be69-c87de18bd970,2,9.47
662a835b-d5b3-4b3f-8795-f9aac3760268,649a5811-a5c3-407a-b5f3-79cd286403c6,268cbefe-0bd5-44c0-bf63-918e7a758b00,5,77.08
907777ed-6419-45f1-87b1-170d4f3ac0eb,649a5811-a5c3-407a-b5f3-79cd286403c6,49f49643-1bdf-4b2c-b799-c7d3a90e9f55,8,58.2
40e9d605-244d-46de-8ef6-989922dbf67e,649a5811-a5c3-407a-b5f3-79cd286403c6,3352fa79-e2a7-4b8e-8de6-b513aef7ac0c,4,342.96
c1959bf6-d4a8-412a-9de3-2bfb4ae5b638,7e3f9f39-090b-4931-b0c6-b808c3998c61,45984ce7-d513-4104-b732-f384ba60aaab,7,327.22
57351859-2bc2-4072-8ce0-199def397149,7e3f9f39-090b-4931-b0c6-b808c3998c61,82f8f56a-1ad8-4351-8cb4-30ad6b9887fb,4,160.64
9e93edab-7061-4eac-9d22-6be50bfd75f1,7e3f9f39-090b-4931-b0c6-b808c3998c61,98c65987-65fc-43c4-a721-9354016e2c3e,8,264.44
572eda62-e396-4937-975a-764d2451142e,7e3f9f39-090b-4931-b0c6-b808c3998c61,374d9e26-5ebc-43eb-ba2a-410e3c770170,10,270.28
150cbcff-f0a2-4ca4-899a-acc1d79f9e5e,7e3f9f39-090b-4931-b0c6-b808c3998c61,f16d9126-ef9c-4d9f-b8e8-9320b276a968,8,359.51
9e9b71f9-2ae1-4302-a5e0-04ea348edf3d,05290b1b-c82b-4292-9c82-ff473d249cff,e16c83a8-951c-4330-b27b-102cc09d0f8c,4,413.11
a1655657-4d88-4d88-8f91-619676a12641,05290b1b-c82b-4292-9c82-ff473d249cff,0ec3a2b1-9d62-4031-bb5b-1cef53b906a4,10,319.15
05e9fc5b-8c51-470c-8500-e9406760a617,05290b1b-c82b-4292-9c82-ff473d249cff,eeed11aa-9702-4d81-9c9f-c63bc450de70,7,30.88
cb9abb30-d099-4865-9051-fb874c239285,05290b1b-c82b-4292-9c82-ff473d249cff,eeed11aa-9702-4d81-9c9f-c63bc450de70,9,30.88
340a7279-b55d-40d9-9f64-201afd7dac01,3dd1cb96-82fa-4c8a-b63b-c91ce401ae9d,553944f4-e5b2-4cf6-aa92-31ddac09db51,10,60.55
499ce738-8b98-4b70-a710-784b47aa5cc7,3dd1cb96-82fa-4c8a-b63b-c91ce401ae9d,0e854daf-9038-401a-8851-37e39999489b,8,328.97
5857b681-643b-48dc-9d51-aff1a84cd612,3dd1cb96-82fa-4c8a-b63b-c91ce401ae9d,32e97c33-c5b1-49fd-9818-e18ecc398d16,6,425.79
e62df182-fece-4ae9-94a6-c76739d7f54b,6bfe1880-97ad-4191-9116-42c09f980e90,6e750cc6-a516-40e8-bafc-7e9e8111b296,8,107.75
bfa63814-7113-4b06-a461-ea32a3b6fd55,6bfe1880-97ad-4191-9116-42c09f980e90,0e854daf-9038-401a-8851-37e39999489b,4,328.97
655ad781-5e20-4318-b549-6d053c6e2005,a4d6dce8-6e14-48f9-aa39-04457d2d81a9,69badd35-2e3f-45d9-9639-af94276e8479,3,173.7
0503cfb8-1593-4e66-80b0-06bbfef843ab,a7464a1a-b532-4fed-a2bd-59dbc0bda0cc,78c42031-3b53-4975-be69-c87de18bd970,5,9.47
6e741a3d-69b5-4bfd-9d96-02b575a289b3,a7464a1a-b532-4fed-a2bd-59dbc0bda0cc,becff1ff-bfb5-49d5-8188-8d6be0522484,10,67.78
4d91cb64-ee66-46d9-bc68-e22f0d881f24,a7464a1a-b532-4fed-a2bd-59dbc0bda0cc,374d9e26-5ebc-43eb-ba2a-410e3c770170,10,270.28
19faa787-386c-45c5-9b10-aa460970baf4,bbc662e3-e4a5-405c-9702-35cd81c0b4a9,7cd7989a-8f1c-4d9e-bf71-cbba62bbc857,5,132.58
310599c6-20f9-4043-8813-03869ef1e375,3ee457bf-391f-432f-87e9-dc2f1c7a532e,893e367c-93e0-49e2-a73e-28eed835e990,1,63.39
2ab3c7e5-cf1f-422e-bc1a-b6567be0ece6,3ee457bf-391f-432f-87e9-dc2f1c7a532e,69880688-153d-40cb-a078-9d8718981adb,10,374.96
ce1729c1-7fca-45c4-82d2-52570775ae51,3ee457bf-391f-432f-87e9-dc2f1c7a532e,9f324660-f323-4786-a4ce-2f7fd46b71f8,4,49.58
a6095868-b95f-4bad-bcb8-0430f68253b0,3ee457bf-391f-432f-87e9-dc2f1c7a532e,86818d17-f0de-4eb2-b76d-8401bcc7821c,8,228.55
036ccf5c-be08-4623-bb3e-bf8273500167,69a4b9e0-5f79-4c65-8c96-bc47d5671492,c2e58758-cddc-4d22-9141-4361f30c5000,4,151.92
df4e2a62-d3de-40ad-9bf5-15f51e531b9a,5685ba5d-0e4d-4f4d-8743-f09812fa2a04,3352fa79-e2a7-4b8e-8de6-b513aef7ac0c,3,342.96
43d048f3-6c9b-4288-9c35-60f0c5a4cf45,5685ba5d-0e4d-4f4d-8743-f09812fa2a04,924c1c3b-f515-4514-a2b6-6a53dcaf4924,7,436.54
ac4de101-d210-4460-acd2-725578017e30,047c119e-7cb8-4687-b254-f2d6562cea2d,7ee2cf0e-5a94-4e3b-9f05-1db1df557610,7,89.51
9bf7e3b3-cae4-4568-8437-7b55104c8184,a5940080-041f-4cf0-ae80-44e0f2ad1e00,d2c89052-cc9a-41c1-91a6-034360eab1a5,5,194.34
3ecf66f9-110e-4136-ab67-05e692d28f5d,a5940080-041f-4cf0-ae80-44e0f2ad1e00,553944f4-e5b2-4cf6-aa92-31ddac09db51,2,60.55
2cbec55e-1173-4f2a-97b7-9ddb778d0455,a5940080-041f-4cf0-ae80-44e0f2ad1e00,7ee2cf0e-5a94-4e3b-9f05-1db1df557610,7,89.51
8b98e6bc-a7db-4baa-9b6d-2f2209a56983,f5ec36d1-d7e7-4e97-a092-6066c738a374,78c42031-3b53-4975-be69-c87de18bd970,8,9.47
0f5af6c8-c760-491f-95da-5f32c8a44ca4,f5ec36d1-d7e7-4e97-a092-6066c738a374,76a1e873-add2-412e-aff8-1c18ff402b3e,1,193.84
4282d464-4aa5-4768-9ac0-c7ca495663ff,f5ec36d1-d7e7-4e97-a092-6066c738a374,45984ce7-d513-4104-b732-f384ba60aaab,7,327.22
369e3654-5fb0-427e-a9d4-fdb70e4bb6bd,f5ec36d1-d7e7-4e97-a092-6066c738a374,2df861fc-eaee-4c8c-b648-3a8291d55308,5,338.47
29a82b20-e081-41ae-a9c2-ffd3df77b4b3,e62b7548-5145-4582-ab0c-fe252aa17fd7,9df7a589-73e8-4847-ab5f-e2b2661199b1,6,230.51
af5fc218-a9aa-41a9-8b3e-389230416d3c,973634f1-2e78-4b5c-8d4c-2c5534aaa2f3,5ca1b6a3-1a1d-45dc-a48f-26ee6d62d699,6,132.66
ba3614ba-8a47-4447-b3a5-65fd5db69205,973634f1-2e78-4b5c-8d4c-2c5534aaa2f3,9f324660-f323-4786-a4ce-2f7fd46b71f8,10,49.58
d7d0a5bb-09f9-461d-9d57-9bb154bb5bae,973634f1-2e78-4b5c-8d4c-2c5534aaa2f3,d01533b0-3d42-4cd8-89e6-967746acd4fd,4,448.81
6cb0263d-aaa7-4428-80f8-7f185b5bb546,de8459f2-7aab-46d2-bf27-48dc77e92c7b,78c42031-3b53-4975-be69-c87de18bd970,1,9.47
0f2f36f5-5937-41e0-a36b-c09f0244e221,5a5c0862-309e-439b-8729-594fb8a1ced5,9c9f4607-5f33-4bcb-b414-2ec7d8fd61f0,3,235.17
fc4a01be-6357-45d6-9893-7411ff6206e6,a944e9e3-01c0-4266-b933-5c477105eabf,eeed11aa-9702-4d81-9c9f-c63bc450de70,5,30.88
a6dcf944-bafc-46b6-9aeb-46688bfe57de,a944e9e3-01c0-4266-b933-5c477105eabf,0e854daf-9038-401a-8851-37e39999489b,8,328.97
7a8e680d-444b-4e0f-b767-0f5b768bb908,a4f788b9-154b-4b58-83a7-cea16772fbe9,826cfb3f-0476-4137-aadd-72d8268fa9a5,7,363.37
9c69eba3-270b-4d61-a15e-fdacef1f401f,a4f788b9-154b-4b58-83a7-cea16772fbe9,924c1c3b-f515-4514-a2b6-6a53dcaf4924,10,436.54
d3d36f69-4bce-417f-b463-a047ed00169c,a4f788b9-154b-4b58-83a7-cea16772fbe9,45984ce7-d513-4104-b732-f384ba60aaab,4,327.22
82b0cde7-0e26-4c29-aa11-f6661ddece4f,a4f788b9-154b-4b58-83a7-cea16772fbe9,76a1e873-add2-412e-aff8-1c18ff402b3e,4,193.84
922724f1-503f-4240-a424-2e4d896c239f,e4821f45-4f6e-4f62-a6c0-4ef60d13ce7d,69880688-153d-40cb-a078-9d8718981adb,1,374.96
8e1c904d-f3cf-4d6f-a1c8-7f6933a21052,e4821f45-4f6e-4f62-a6c0-4ef60d13ce7d,d2c89052-cc9a-41c1-91a6-034360eab1a5,2,194.34
2f2f3260-61b4-40d2-84be-644f753a32a0,e4821f45-4f6e-4f62-a6c0-4ef60d13ce7d,98c65987-65fc-43c4-a721-9354016e2c3e,9,264.44
91116187-b35b-4ba9-b72e-89282c567b70,e4821f45-4f6e-4f62-a6c0-4ef60d13ce7d,a569d020-fe30-4177-833b-893d91baf755,3,193.1
3b4815e8-8f72-4a1c-bc5e-92a7a78c21f6,e4821f45-4f6e-4f62-a6c0-4ef60d13ce7d,0ec3a2b1-9d62-4031-bb5b-1cef53b906a4,5,319.15
bffa74b0-ee71-418a-829f-6b2341092970,fc9cf6af-e5fd-4658-a610-b9453a701bcc,5f825d8c-c4e0-4a49-8826-83cecc001ffb,5,430.7
76a14fe9-0f5e-4e61-b6ce-5f9ed8c818e2,fc9cf6af-e5fd-4658-a610-b9453a701bcc,8c440424-4303-478d-a8eb-7bb52ce4e146,3,40.64
0a75a596-345f-400a-bf76-22499231d21a,fc9cf6af-e5fd-4658-a610-b9453a701bcc,0ec3a2b1-9d62-4031-bb5b-1cef53b906a4,3,319.15
6ea0bc6c-6785-4995-a93e-b0abf1383670,fc9cf6af-e5fd-4658-a610-b9453a701bcc,8c440424-4303-478d-a8eb-7bb52ce4e146,4,40.64
a816a07a-3e54-4706-a14a-ba404169c695,fc9cf6af-e5fd-4658-a610-b9453a701bcc,3352fa79-e2a7-4b8e-8de6-b513aef7ac0c,10,342.96
36a76207-f600-4875-b8d1-322de68ab2b0,bb783bcf-5527-4793-9b8d-76390f3f6798,5ca1b6a3-1a1d-45dc-a48f-26ee6d62d699,4,132.66
d8bce224-8cea-4bfc-a101-e6fa6ec859d1,bb783bcf-5527-4793-9b8d-76390f3f6798,893e367c-93e0-49e2-a73e-28eed835e990,7,63.39
cefddc88-1b0b-420d-91fc-4d40bf7a5a67,bb783bcf-5527-4793-9b8d-76390f3f6798,7b7cdd38-d091-4d78-81df-de30bad9f808,4,170.92
a234b0af-8505-4b85-815c-f0de9a56dc43,bb783bcf-5527-4793-9b8d-76390f3f6798,45984ce7-d513-4104-b732-f384ba60aaab,5,327.22
a5278f26-c03e-4ef0-8b2d-6848a76d935a,bb783bcf-5527-4793-9b8d-76390f3f6798,9df7a589-73e8-4847-ab5f-e2b2661199b1,7,230.51
0d8de006-8b0a-48d0-97da-5e6470aa6a09,3b5f5047-9890-465c-8760-a070b179bbb0,78f3efb0-1f6f-4f3c-a40b-8146a05df907,5,68.28
9957ce9f-f055-4dff-9a42-1aa69440af8c,3b5f5047-9890-465c-8760-a070b179bbb0,86818d17-f0de-4eb2-b76d-8401bcc7821c,5,228.55
33aa9104-8f41-44a6-9a29-e4ad079abc78,3b5f5047-9890-465c-8760-a070b179bbb0,089fbead-6c2d-4c7f-8e04-d581fd0f61e8,2,467.9
70118c50-4f93-4d89-9459-fdb7ec79b0a0,a5a35f9a-71c0-4bc8-93da-3e906f4674b4,45984ce7-d513-4104-b732-f384ba60aaab,10,327.22
7dd5aa0c-7f15-40ab-a5f3-d253f79a1c14,a5a35f9a-71c0-4bc8-93da-3e906f4674b4,374d9e26-5ebc-43eb-ba2a-410e3c770170,1,270.28
fa26871d-285c-4d5a-a218-289b16a0cf66,a5a35f9a-71c0-4bc8-93da-3e906f4674b4,69badd35-2e3f-45d9-9639-af94276e8479,2,173.7
c7171bc8-353c-4bf2-8b5b-c830a6083731,a5a35f9a-71c0-4bc8-93da-3e906f4674b4,924c1c3b-f515-4514-a2b6-6a53dcaf4924,4,436.54
9594e6b2-b7fe-4a11-aeb6-c29c8fed3625,b112778e-c734-4838-9667-a1d461fb9497,78f3efb0-1f6f-4f3c-a40b-8146a05df907,2,68.28
2b20e195-7f36-4fd9-b5b1-2126b8817aed,b112778e-c734-4838-9667-a1d461fb9497,553944f4-e5b2-4cf6-aa92-31ddac09db51,7,60.55
7d16d65e-7c56-4626-ae54-15b886642f80,b112778e-c734-4838-9667-a1d461fb9497,7b7cdd38-d091-4d78-81df-de30bad9f808,7,170.92
cd277e2d-401e-4f02-98da-8475d3ae5e38,b112778e-c734-4838-9667-a1d461fb9497,3ebeb7ef-2ee8-4977-83f0-633400a5d0df,1,220.24
bdb6b82c-4e0e-450c-8d09-a785ca6f3253,c33b596c-e7ac-4d65-978e-13d2d9c219a5,3ebeb7ef-2ee8-4977-83f0-633400a5d0df,6,220.24
9de8d590-ee16-4708-bd8a-5627d08a26b2,4f7470d4-efee-4136-8b2d-c527bf6ef83d,d2c89052-cc9a-41c1-91a6-034360eab1a5,8,194.34
c80d260a-c8c9-49b7-a8b1-e447a0a0d49c,c286edbd-9ee9-4ff3-a9e7-9bfa2b3448da,7cd7989a-8f1c-4d9e-bf71-cbba62bbc857,5,132.58
c1144d6e-262c-4b92-a1f0-263eb2424013,c286edbd-9ee9-4ff3-a9e7-9bfa2b3448da,3352fa79-e2a7-4b8e-8de6-b513aef7ac0c,3,342.96
afdf7ddc-7f96-4fab-8c22-73df02bc372e,c286edbd-9ee9-4ff3-a9e7-9bfa2b3448da,553944f4-e5b2-4cf6-aa92-31ddac09db51,10,60.55
62fbc353-6a56-49e5-a204-017acdc6e06e,c286edbd-9ee9-4ff3-a9e7-9bfa2b3448da,5f825d8c-c4e0-4a49-8826-83cecc001ffb,9,430.7
66b44941-e5e8-47fc-b9dc-fb62445b98c6,5f79f01d-3727-46da-a394-18a5cc82df1e,86818d17-f0de-4eb2-b76d-8401bcc7821c,4,228.55
274baa52-67c0-4cd9-837e-6599bc733ca2,5f79f01d-3727-46da-a394-18a5cc82df1e,82f8f56a-1ad8-4351-8cb4-30ad6b9887fb,4,160.64
8eb67248-1fe9-47df-adbb-eb222b6f9042,5f79f01d-3727-46da-a394-18a5cc82df1e,3352fa79-e2a7-4b8e-8de6-b513aef7ac0c,9,342.96
4d265a3f-5892-4b77-9daf-c69ec9b6bd9c,5f79f01d-3727-46da-a394-18a5cc82df1e,7ee2cf0e-5a94-4e3b-9f05-1db1df557610,6,89.51
2b5fc728-4e1f-4781-9f57-99d5c185d95c,9a309be1-8e05-4fa9-ad94-9c983cc2b7e8,0ec3a2b1-9d62-4031-bb5b-1cef53b906a4,8,319.15
bdbcfd6c-f03e-444b-ac4e-d77f90b2663e,9a309be1-8e05-4fa9-ad94-9c983cc2b7e8,9df7a589-73e8-4847-ab5f-e2b2661199b1,8,230.51
6c1b3186-726f-4df4-81f4-e77eee4b7c6d,9a309be1-8e05-4fa9-ad94-9c983cc2b7e8,76a1e873-add2-412e-aff8-1c18ff402b3e,2,193.84
e9a60af0-a738-48f2-be89-88cb9db1719a,4983539a-2bf4-44f5-9091-708cf5bbb36a,eeed11aa-9702-4d81-9c9f-c63bc450de70,7,30.88
59ab6f48-f35f-4a5d-a2f5-1627cd270dfc,4983539a-2bf4-44f5-9091-708cf5bbb36a,80678304-0d89-4a20-961f-8695d66b4248,3,441.84
9bcdf7c7-feef-4c20-b4c2-c29e037e1991,4983539a-2bf4-44f5-9091-708cf5bbb36a,7cd7989a-8f1c-4d9e-bf71-cbba62bbc857,2,132.58
17692f97-8ef8-45ae-8c68-2b7695cbb8d7,4983539a-2bf4-44f5-9091-708cf5bbb36a,29fc88f3-fcfc-4027-8e1e-8ba0e03126c0,6,114.25
389c28e3-d70a-4fa5-bbfb-f7be65815b2c,4983539a-2bf4-44f5-9091-708cf5bbb36a,8c440424-4303-478d-a8eb-7bb52ce4e146,7,40.64
41de5a99-c0eb-4ffb-98d5-0be9bd41dc2c,2703b7b3-021e-47d2-ad8d-72f32ab21eb0,f16d9126-ef9c-4d9f-b8e8-9320b276a968,9,359.51
a66e99e3-9cfa-439b-8232-619f0453f7a0,2703b7b3-021e-47d2-ad8d-72f32ab21eb0,089fbead-6c2d-4c7f-8e04-d581fd0f61e8,5,467.9
56a7dceb-5017-4d79-97ba-95f52c35bd2d,2703b7b3-021e-47d2-ad8d-72f32ab21eb0,69880688-153d-40cb-a078-9d8718981adb,4,374.96
713733c7-a09c-4349-8022-0316aa7c45ff,2703b7b3-021e-47d2-ad8d-72f32ab21eb0,089fbead-6c2d-4c7f-8e04-d581fd0f61e8,3,467.9
bc2a10e9-fd74-4f5f-a61a-496a588930aa,4eb49b7e-e0a1-4405-bc03-676b4e4a622f,5ca1b6a3-1a1d-45dc-a48f-26ee6d62d699,6,132.66
257a9c7a-4b27-449d-bbf3-775069b565d9,4eb49b7e-e0a1-4405-bc03-676b4e4a622f,826cfb3f-0476-4137-aadd-72d8268fa9a5,1,363.37
a25c42dd-fdd0-4ddf-8e09-004070cb195c,1f7d8803-d600-4f97-8f5f-7fc2a66de985,80678304-0d89-4a20-961f-8695d66b4248,10,441.84
c07c83b6-9f70-4180-a50d-90fb2268c9a2,1f7d8803-d600-4f97-8f5f-7fc2a66de985,8401fc7b-859e-4a2b-8541-f53f9413e8d9,6,338.35
3c1edebf-8313-45f6-bb1b-81d9f5186efc,1f7d8803-d600-4f97-8f5f-7fc2a66de985,268cbefe-0bd5-44c0-bf63-918e7a758b00,5,77.08
d904bff0-f7fa-4860-87a3-5cc4b54e9847,1f7d8803-d600-4f97-8f5f-7fc2a66de985,becff1ff-bfb5-49d5-8188-8d6be0522484,4,67.78
d84aa05e-cd59-4140-a9f3-084112f92556,eaed66f2-e732-42dd-8061-754bad456fd4,089fbead-6c2d-4c7f-8e04-d581fd0f61e8,2,467.9
a2a40284-dd69-4f59-a3a2-ef9026d64bd7,eaed66f2-e732-42dd-8061-754bad456fd4,eb4daa9f-d7e4-445b-b6f2-446cff14261a,1,192.08
6d74b45d-16df-471f-afd8-71b04361c228,eaed66f2-e732-42dd-8061-754bad456fd4,5ca1b6a3-1a1d-45dc-a48f-26ee6d62d699,4,132.66
de7fb59c-6126-4cca-a4cb-612df8eb05fb,eaed66f2-e732-42dd-8061-754bad456fd4,7b7cdd38-d091-4d78-81df-de30bad9f808,7,170.92
59f54b5a-0bb0-4288-a28d-c4ceed63ac3f,eaed66f2-e732-42dd-8061-754bad456fd4,45984ce7-d513-4104-b732-f384ba60aaab,10,327.22
a5f2a84a-66c9-40b8-8e5c-7af8e7cd4bb0,8209ecc1-160b-4f60-8ce5-edc9e2aa0963,5ca1b6a3-1a1d-45dc-a48f-26ee6d62d699,1,132.66
ff7dea0a-285c-4aa8-9de7-4281bf60eb64,8209ecc1-160b-4f60-8ce5-edc9e2aa0963,5f825d8c-c4e0-4a49-8826-83cecc001ffb,4,430.7
688e5b8e-4c56-4a7d-be1a-9476369251c3,8209ecc1-160b-4f60-8ce5-edc9e2aa0963,45984ce7-d513-4104-b732-f384ba60aaab,4,327.22
b822f3f3-1444-46f7-b0b4-5fa2c0f160ba,8209ecc1-160b-4f60-8ce5-edc9e2aa0963,9f324660-f323-4786-a4ce-2f7fd46b71f8,8,49.58
4f848b8f-c7e0-4700-a2aa-228ac76a75b5,92b11152-5872-4465-b8cc-92b73b4c14f4,c9858d73-cc78-4c7e-86aa-384015898622,2,166.44
f5cedb8a-0c57-4a87-ab29-711ff98f4070,7bc31e67-84b1-4967-ae40-481ac339322d,78c42031-3b53-4975-be69-c87de18bd970,2,9.47
b5c95126-490e-47cc-b855-b0d11f0b1779,7bc31e67-84b1-4967-ae40-481ac339322d,8c440424-4303-478d-a8eb-7bb52ce4e146,7,40.64
ade0c163-8060-48ba-85b0-cd8bc955f649,7bc31e67-84b1-4967-ae40-481ac339322d,893e367c-93e0-49e2-a73e-28eed835e990,4,63.39
2dbd7b9c-9bbb-49c5-9744-569b54734ac3,4850e2f2-f674-49a9-ba45-ce532bff396a,8401fc7b-859e-4a2b-8541-f53f9413e8d9,2,338.35
9b537b28-3b71-47c0-aecf-d21e964ba11d,4850e2f2-f674-49a9-ba45-ce532bff396a,98c65987-65fc-43c4-a721-9354016e2c3e,10,264.44
f292dda7-dbc7-4b62-936b-ca9a693b0a95,4850e2f2-f674-49a9-ba45-ce532bff396a,c9858d73-cc78-4c7e-86aa-384015898622,1,166.44
53566a0f-c3ec-4377-8327-e72cf929a0aa,4850e2f2-f674-49a9-ba45-ce532bff396a,becff1ff-bfb5-49d5-8188-8d6be0522484,8,67.78
a445502d-9c28-4450-92d5-85f1d89913be,4850e2f2-f674-49a9-ba45-ce532bff396a,9c9f4607-5f33-4bcb-b414-2ec7d8fd61f0,6,235.17
6ab9061c-b2dd-4659-8d41-1012449a3fdd,ac5c1d4d-2a6b-43b0-b79f-f42278ebaf0b,f16d9126-ef9c-4d9f-b8e8-9320b276a968,10,359.51
094efe1e-7ccf-4dc3-a6e3-faa945b727be,ac5c1d4d-2a6b-43b0-b79f-f42278ebaf0b,45984ce7-d513-4104-b732-f384ba60aaab,6,327.22
42a6da82-16af-4394-9d5a-f71eb57317b0,ac5c1d4d-2a6b-43b0-b79f-f42278ebaf0b,924c1c3b-f515-4514-a2b6-6a53dcaf4924,10,436.54
41fb6950-da41-4998-bea4-a7e92452050b,02d23194-31ad-48b5-82f6-2801e4050b4f,32e97c33-c5b1-49fd-9818-e18ecc398d16,3,425.79
d3db5b32-db1d-429c-b85f-e1a4c8eb3a8a,02d23194-31ad-48b5-82f6-2801e4050b4f,a569d020-fe30-4177-833b-893d91baf755,9,193.1
3f03ebc9-6167-4ff0-a106-218f51e88dec,02d23194-31ad-48b5-82f6-2801e4050b4f,78c42031-3b53-4975-be69-c87de18bd970,3,9.47
e17d1428-cd9b-4cbd-a88d-80ca6a74ffa7,02d23194-31ad-48b5-82f6-2801e4050b4f,eb4daa9f-d7e4-445b-b6f2-446cff14261a,3,192.08
eae1ab35-dd7f-4b2f-80b8-6d31cf1b42a2,02d23194-31ad-48b5-82f6-2801e4050b4f,7ee2cf0e-5a94-4e3b-9f05-1db1df557610,9,89.51
996ae220-fe68-4e94-a668-da926f9fe52c,05147ac2-fe63-4805-924b-7cb88f7ce862,374d9e26-5ebc-43eb-ba2a-410e3c770170,3,270.28
197c38bd-3c47-4255-851f-a6064d4d9986,05147ac2-fe63-4805-924b-7cb88f7ce862,78c42031-3b53-4975-be69-c87de18bd970,3,9.47
175c149d-f0e8-40b3-b8e1-db24241557b1,bce3a347-2903-4115-bd2c-5f07d1873104,f16d9126-ef9c-4d9f-b8e8-9320b276a968,10,359.51
a9f2ebd9-7cdf-429b-91c9-6d9d53834f0a,bce3a347-2903-4115-bd2c-5f07d1873104,7facc1d2-9721-49e7-a918-9e1d7c2101a2,4,471.37
9069e259-658d-42a1-814a-90a877a65083,bce3a347-2903-4115-bd2c-5f07d1873104,9df7a589-73e8-4847-ab5f-e2b2661199b1,4,230.51
39cd5073-6b61-4add-abab-3c048e39855d,bce3a347-2903-4115-bd2c-5f07d1873104,c9858d73-cc78-4c7e-86aa-384015898622,1,166.44
d24e85cb-de83-4a05-8daf-f93ab0c08868,83c7dd2d-7ab4-412c-82d0-d037d02ce530,553944f4-e5b2-4cf6-aa92-31ddac09db51,6,60.55
583cf653-8d81-4da3-8258-17ae93180124,83c7dd2d-7ab4-412c-82d0-d037d02ce530,089fbead-6c2d-4c7f-8e04-d581fd0f61e8,6,467.9
595b4fdb-a8c8-4201-9c10-ffed0d3cd410,83c7dd2d-7ab4-412c-82d0-d037d02ce530,3352fa79-e2a7-4b8e-8de6-b513aef7ac0c,5,342.96
4bea3c3a-ecaa-48d2-9345-97664b00476b,83c7dd2d-7ab4-412c-82d0-d037d02ce530,32e97c33-c5b1-49fd-9818-e18ecc398d16,9,425.79
dbc69c42-2079-4dda-a7d6-33e4e1ac7bf6,efd0e62a-1f36-44e3-8b53-3e77c68e1144,7facc1d2-9721-49e7-a918-9e1d7c2101a2,7,471.37
5a5b90c0-7be1-4463-babb-cc59e865e81f,47191513-5c89-421c-94f6-5b6d64c8cf0c,8401fc7b-859e-4a2b-8541-f53f9413e8d9,4,338.35
f9407548-24a9-4592-b3ea-81db935b06dc,47191513-5c89-421c-94f6-5b6d64c8cf0c,d2c89052-cc9a-41c1-91a6-034360eab1a5,8,194.34
2d5e33e1-d77b-48e7-b85d-80fd93cfda85,47191513-5c89-421c-94f6-5b6d64c8cf0c,78c42031-3b53-4975-be69-c87de18bd970,3,9.47
91786abe-5c7c-4040-afca-f8505807f345,47191513-5c89-421c-94f6-5b6d64c8cf0c,7bb885ba-2bf3-4f9b-a595-dabb23299c0b,1,236.56
efcf548c-e24b-4a67-8b5d-af803914d588,47191513-5c89-421c-94f6-5b6d64c8cf0c,089fbead-6c2d-4c7f-8e04-d581fd0f61e8,6,467.9
6b08be38-e221-4a1f-8556-f8105b41b843,90322a38-61d0-4f28-b7c2-71292df19830,5ca1b6a3-1a1d-45dc-a48f-26ee6d62d699,5,132.66
42c99d82-e443-48e0-a2f2-eb1e2ec26f1a,1e41aa3d-d6d8-4c3e-a0f3-e1659fa55648,32e97c33-c5b1-49fd-9818-e18ecc398d16,8,425.79
454896e9-76dd-4937-ba15-47b1e44b9f41,5cbbb7b7-a322-46eb-bcc2-28d0563be6ee,5f825d8c-c4e0-4a49-8826-83cecc001ffb,3,430.7
ae82f7b7-1142-4788-a672-5859ee1b67c3,5cbbb7b7-a322-46eb-bcc2-28d0563be6ee,0e854daf-9038-401a-8851-37e39999489b,5,328.97
d21192a9-956f-41c2-a47b-d3e7c4dccb71,5cbbb7b7-a322-46eb-bcc2-28d0563be6ee,c2e58758-cddc-4d22-9141-4361f30c5000,3,151.92
c28b12d5-5bdf-472a-88b3-ca0be88ad5c1,5cbbb7b7-a322-46eb-bcc2-28d0563be6ee,82f8f56a-1ad8-4351-8cb4-30ad6b9887fb,4,160.64
8aa0b4dc-35e7-4dc8-b049-214e9dfc186f,1046f685-6e69-4d8e-bfd0-d884e94c911a,6e750cc6-a516-40e8-bafc-7e9e8111b296,9,107.75
a04ec67e-ac1b-4fd0-860f-d5a5a345502b,1046f685-6e69-4d8e-bfd0-d884e94c911a,d01533b0-3d42-4cd8-89e6-967746acd4fd,1,448.81
a083ed13-0a53-498b-8c39-13ff1bcbee40,1046f685-6e69-4d8e-bfd0-d884e94c911a,69880688-153d-40cb-a078-9d8718981adb,7,374.96
ccb1d285-057d-420c-be74-2aae63542fe3,4f6857ec-1afc-4757-b106-b3f92a5455c8,86818d17-f0de-4eb2-b76d-8401bcc7821c,6,228.55
cb564283-a5ea-4421-b297-068410155682,4df8e3f0-7076-4da8-82f2-b4e604be825d,7facc1d2-9721-49e7-a918-9e1d7c2101a2,4,471.37
6292dd71-359d-4eff-ade3-3bbe0af78abb,4df8e3f0-7076-4da8-82f2-b4e604be825d,3ebeb7ef-2ee8-4977-83f0-633400a5d0df,8,220.24
9e91ca8f-0fe5-40cd-bfa1-9a2e6d0717a1,1c5d0bff-c910-4da0-9b91-33b6d371762e,80678304-0d89-4a20-961f-8695d66b4248,5,441.84
c5ac1947-5caf-4709-945f-9cf7c7864bfd,35b7172f-2308-4d35-b938-1299e04d14a1,a569d020-fe30-4177-833b-893d91baf755,2,193.1
d5af77b9-df9f-49cd-8d4a-3d102a083f6f,35b7172f-2308-4d35-b938-1299e04d14a1,0ec3a2b1-9d62-4031-bb5b-1cef53b906a4,8,319.15
319220c4-af42-4e70-aaea-48ac1ab3450e,35b7172f-2308-4d35-b938-1299e04d14a1,893e367c-93e0-49e2-a73e-28eed835e990,2,63.39
4f0338d0-801c-48a6-8942-a45c8c605b89,35b7172f-2308-4d35-b938-1299e04d14a1,553944f4-e5b2-4cf6-aa92-31ddac09db51,1,60.55
2689fa9d-98d0-4b2f-9e62-3c6d6915f94f,35b7172f-2308-4d35-b938-1299e04d14a1,78f3efb0-1f6f-4f3c-a40b-8146a05df907,5,68.28
5b6d807e-37e4-42e2-8368-37a319e63c0d,fe06507d-54db-44be-9050-df2a3f20022c,089fbead-6c2d-4c7f-8e04-d581fd0f61e8,4,467.9
60d053f1-bb30-4572-b2d6-ecd19c1a36ce,fe06507d-54db-44be-9050-df2a3f20022c,32e97c33-c5b1-49fd-9818-e18ecc398d16,6,425.79
cc27fe28-39ff-451f-88e4-26601e630620,fe06507d-54db-44be-9050-df2a3f20022c,29fc88f3-fcfc-4027-8e1e-8ba0e03126c0,7,114.25
4fd74c25-a210-4495-a6ca-a782e7c442ec,fe06507d-54db-44be-9050-df2a3f20022c,f16d9126-ef9c-4d9f-b8e8-9320b276a968,8,359.51
a39d63dc-d864-400a-9dd8-eab3076b7b6c,fe06507d-54db-44be-9050-df2a3f20022c,1b89fc3b-37f4-4c69-8170-ab0139d8e876,6,21.5
cb62efb8-35d4-4bbf-87bb-70a34282acd6,2d8284a5-ae3c-4bfc-833d-7287787da883,7ee2cf0e-5a94-4e3b-9f05-1db1df557610,8,89.51
2a4fb4d8-ae43-4211-ac50-5b1085abf2a5,2d8284a5-ae3c-4bfc-833d-7287787da883,86818d17-f0de-4eb2-b76d-8401bcc7821c,6,228.55
f7ed7bb6-946b-4644-a98c-bdae9b6e6f3b,2d8284a5-ae3c-4bfc-833d-7287787da883,268cbefe-0bd5-44c0-bf63-918e7a758b00,2,77.08
7e184b74-e922-4d80-af58-1d456a90df6a,2d8284a5-ae3c-4bfc-833d-7287787da883,86818d17-f0de-4eb2-b76d-8401bcc7821c,2,228.55
13b15cbf-9406-4fc7-a3e3-5949e5e9a724,2d8284a5-ae3c-4bfc-833d-7287787da883,9f324660-f323-4786-a4ce-2f7fd46b71f8,1,49.58
22d88c37-a905-4a26-9c3d-b177448c467a,c1614554-b73f-420f-aacf-8c9aad449aa4,2df861fc-eaee-4c8c-b648-3a8291d55308,9,338.47
9ae132f8-7dfd-47ad-a4d5-170cf0d9b075,c1614554-b73f-420f-aacf-8c9aad449aa4,d2c89052-cc9a-41c1-91a6-034360eab1a5,4,194.34
c2fd7990-b938-4b4c-a6a2-447b90e05ca5,c1614554-b73f-420f-aacf-8c9aad449aa4,e16c83a8-951c-4330-b27b-102cc09d0f8c,5,413.11
047ce8f9-2857-4db6-87ed-a350d3e07d82,c1614554-b73f-420f-aacf-8c9aad449aa4,29fc88f3-fcfc-4027-8e1e-8ba0e03126c0,7,114.25
87666ee1-ddc1-49c6-abf5-1ef01b71017d,c1614554-b73f-420f-aacf-8c9aad449aa4,d01533b0-3d42-4cd8-89e6-967746acd4fd,2,448.81
dabf41d2-d6a5-4214-93a8-f5dc8d98f784,5d7e1e03-d490-414e-8857-98e827df3829,76a1e873-add2-412e-aff8-1c18ff402b3e,6,193.84
683b4eab-c2d2-48e9-9879-e21db92e0e46,5d7e1e03-d490-414e-8857-98e827df3829,3352fa79-e2a7-4b8e-8de6-b513aef7ac0c,9,342.96
f1fabb87-69a6-4e4e-ac75-36d996920593,5d7e1e03-d490-414e-8857-98e827df3829,876c81ef-c583-4f8e-8666-37dfb025fb5a,6,467.47
73cf950c-743a-4243-94de-53197893c6a6,37bca038-80cc-446a-a178-174fa2d3a818,0ec3a2b1-9d62-4031-bb5b-1cef53b906a4,5,319.15
1cc8b045-c26b-467e-b9f4-a25ddf88f272,37bca038-80cc-446a-a178-174fa2d3a818,2df861fc-eaee-4c8c-b648-3a8291d55308,3,338.47
1a228328-68ff-4004-9cee-6751eecf3edb,37bca038-80cc-446a-a178-174fa2d3a818,eb4daa9f-d7e4-445b-b6f2-446cff14261a,9,192.08
7d9bcbc7-f595-49d4-97a7-273e5f1a868e,37bca038-80cc-446a-a178-174fa2d3a818,7facc1d2-9721-49e7-a918-9e1d7c2101a2,5,471.37
f20720a5-890c-4768-9346-5600e77d1da8,37bca038-80cc-446a-a178-174fa2d3a818,eb4daa9f-d7e4-445b-b6f2-446cff14261a,10,192.08
62a7c616-fc66-47f8-a670-e706076fe68f,9e93b800-a92e-4bd5-925c-ea8ed5203341,0e854daf-9038-401a-8851-37e39999489b,6,328.97
fe3787c8-3904-46c0-937b-a05e530e4085,9fbb6f94-b469-49e4-a3aa-2be3f64308aa,7b7cdd38-d091-4d78-81df-de30bad9f808,1,170.92
9bd2a6b4-57d0-48fb-bcfc-04190aa67672,f289f45d-79f7-4482-8016-d4923efeb604,6e750cc6-a516-40e8-bafc-7e9e8111b296,9,107.75
5a20a23b-1936-45ef-871e-093f326f9d1a,d3544a77-3686-4273-bc05-58b8707c5be0,a569d020-fe30-4177-833b-893d91baf755,1,193.1
898faf7b-9140-400b-abcd-dcf310fa3838,d3544a77-3686-4273-bc05-58b8707c5be0,893e367c-93e0-49e2-a73e-28eed835e990,9,63.39
4f02676f-9e38-445c-8e9e-aa959dc26916,d3544a77-3686-4273-bc05-58b8707c5be0,78f3efb0-1f6f-4f3c-a40b-8146a05df907,7,68.28
1ef3139e-ec9a-4463-a281-f21b70c88f63,d3544a77-3686-4273-bc05-58b8707c5be0,45984ce7-d513-4104-b732-f384ba60aaab,5,327.22
702c5b9e-49c3-426b-96a8-e88e1ee4b67d,d3544a77-3686-4273-bc05-58b8707c5be0,9c9f4607-5f33-4bcb-b414-2ec7d8fd61f0,7,235.17
a78a7c23-321e-4abc-9d07-aa33877101ad,b7057071-163a-4a63-a74a-75e09dae2b1c,7b7cdd38-d091-4d78-81df-de30bad9f808,10,170.92
2b3192d7-8c07-4ea8-9676-204886d4348f,1955b30c-4d6f-47ff-8c26-0230dd7c950b,7b7cdd38-d091-4d78-81df-de30bad9f808,6,170.92
633b39c3-c8af-4768-900a-e8465537584e,143c24c7-b8f4-4910-8ae3-66e8dd310e23,8c440424-4303-478d-a8eb-7bb52ce4e146,2,40.64
0ecc7eca-8e1a-4d7e-86a8-70dc12930795,143c24c7-b8f4-4910-8ae3-66e8dd310e23,becff1ff-bfb5-49d5-8188-8d6be0522484,9,67.78
e97fc9f7-19e7-43e6-aa8a-f11f62ed624b,274591f7-f8c0-43ea-afce-d3bbed7b3370,8c440424-4303-478d-a8eb-7bb52ce4e146,8,40.64
d3bc2962-93dd-4b0a-8e03-1c66bdb4fb0d,274591f7-f8c0-43ea-afce-d3bbed7b3370,0e854daf-9038-401a-8851-37e39999489b,4,328.97
338e0a86-5e1d-4f69-a291-0de08815df9b,e29d59e4-c81a-4689-b854-0f30ee26e09f,f16d9126-ef9c-4d9f-b8e8-9320b276a968,10,359.51
db0baa6c-52fd-4595-aa39-16386fd1f578,e29d59e4-c81a-4689-b854-0f30ee26e09f,7ee2cf0e-5a94-4e3b-9f05-1db1df557610,10,89.51
6bfe3ccd-a5d1-4c4c-a3fd-de970b8db219,e29d59e4-c81a-4689-b854-0f30ee26e09f,9f324660-f323-4786-a4ce-2f7fd46b71f8,5,49.58
eb87f15f-e0ee-412c-a9a1-feaeb8f1ebcd,e8b549b5-6845-4ff4-8470-ee361dd50af3,2df861fc-eaee-4c8c-b648-3a8291d55308,9,338.47
8ee676f2-3ebf-4bb6-a83f-9d9e4a8f66fb,e8b549b5-6845-4ff4-8470-ee361dd50af3,7cd7989a-8f1c-4d9e-bf71-cbba62bbc857,1,132.58
39e073f9-98fb-405a-910b-7a43a5277588,73c60b60-b636-421b-8292-7e93e75009f6,45984ce7-d513-4104-b732-f384ba60aaab,1,327.22
e7980efe-213f-4c36-8601-ed1bb844155c,73c60b60-b636-421b-8292-7e93e75009f6,eb4daa9f-d7e4-445b-b6f2-446cff14261a,1,192.08
df447d40-a60d-4e6d-aa30-5105b4af4edf,73c60b60-b636-421b-8292-7e93e75009f6,826cfb3f-0476-4137-aadd-72d8268fa9a5,9,363.37
050446cd-dc7f-4d10-a49a-a66c1b519f77,73c60b60-b636-421b-8292-7e93e75009f6,876c81ef-c583-4f8e-8666-37dfb025fb5a,6,467.47
56a51fd7-968d-4592-92a4-372f190513dd,73c60b60-b636-421b-8292-7e93e75009f6,80678304-0d89-4a20-961f-8695d66b4248,1,441.84
e8c06f2d-d4ad-4247-8e71-614d520b77c6,a26c1800-4586-4387-98fa-0c404832ab90,9f324660-f323-4786-a4ce-2f7fd46b71f8,8,49.58
862507c1-f76d-4fcd-b1c5-f094e0cef712,65a59e77-3d4b-4f50-8c3c-6e706c8154e7,553944f4-e5b2-4cf6-aa92-31ddac09db51,10,60.55
76937b34-ae10-4efe-b89e-a74c07c8693d,65a59e77-3d4b-4f50-8c3c-6e706c8154e7,f16d9126-ef9c-4d9f-b8e8-9320b276a968,7,359.51
1e4bcd36-32a2-4b51-ba18-c58a48d07683,65a59e77-3d4b-4f50-8c3c-6e706c8154e7,7facc1d2-9721-49e7-a918-9e1d7c2101a2,3,471.37
c4e3d17c-8c00-4e14-8729-697e55232eef,65a59e77-3d4b-4f50-8c3c-6e706c8154e7,2df861fc-eaee-4c8c-b648-3a8291d55308,6,338.47
7177b772-8d17-4129-8bf1-16255e8e6fd0,65a59e77-3d4b-4f50-8c3c-6e706c8154e7,78f3efb0-1f6f-4f3c-a40b-8146a05df907,1,68.28
e64d2028-9cc3-49be-83d5-2a9d5755fbc9,0ba644e7-c34e-419d-bcc9-281cb4237ffa,7bb885ba-2bf3-4f9b-a595-dabb23299c0b,1,236.56
443a2b4d-a1fa-480f-8dd8-aeb0c37516d5,0ba644e7-c34e-419d-bcc9-281cb4237ffa,d2c89052-cc9a-41c1-91a6-034360eab1a5,8,194.34
1479224a-4f3f-4dde-b18f-276826e2f783,0ba644e7-c34e-419d-bcc9-281cb4237ffa,5f825d8c-c4e0-4a49-8826-83cecc001ffb,7,430.7
dc3f8fb0-d575-4f25-b09d-61ec3b673abe,0ba644e7-c34e-419d-bcc9-281cb4237ffa,f16d9126-ef9c-4d9f-b8e8-9320b276a968,1,359.51
95da0d8e-f674-4915-923a-90abd47686b4,0ba644e7-c34e-419d-bcc9-281cb4237ffa,0e854daf-9038-401a-8851-37e39999489b,3,328.97
51ede7b6-73eb-4dd3-b306-22b0807063b3,8f114033-d860-497f-877c-93d17fa98ff6,becff1ff-bfb5-49d5-8188-8d6be0522484,2,67.78
7f76c74f-1dea-4725-8200-fd733821e8ae,0f92d60f-3db8-43b5-8121-2901939114a2,becff1ff-bfb5-49d5-8188-8d6be0522484,3,67.78
acac9b39-6e8a-4850-9932-5b8c208dfaee,0f92d60f-3db8-43b5-8121-2901939114a2,7ee2cf0e-5a94-4e3b-9f05-1db1df557610,3,89.51
6edc7a98-3d81-47f7-a3bb-b377aab0bdc9,0f92d60f-3db8-43b5-8121-2901939114a2,0ec3a2b1-9d62-4031-bb5b-1cef53b906a4,5,319.15
17f72e78-7355-4c3b-ac5a-63387971da66,0f92d60f-3db8-43b5-8121-2901939114a2,80678304-0d89-4a20-961f-8695d66b4248,7,441.84
8b71c4c2-8e95-425a-8603-50ebea881990,08069ee7-5ee5-4675-a05c-5e8b886d5cf3,893e367c-93e0-49e2-a73e-28eed835e990,6,63.39
ae81d4ee-9158-4e2f-a2f8-14da959b800e,08069ee7-5ee5-4675-a05c-5e8b886d5cf3,69880688-153d-40cb-a078-9d8718981adb,2,374.96
e34502b3-8cd1-4d5e-994b-e15c80b7f629,54a02857-184d-4f47-9762-3e137547d29a,876c81ef-c583-4f8e-8666-37dfb025fb5a,7,467.47
eedd03df-f28b-44d5-a47b-10d04ba5dfb0,54a02857-184d-4f47-9762-3e137547d29a,5f825d8c-c4e0-4a49-8826-83cecc001ffb,5,430.7
4e028db9-59a0-420c-8645-aebf9f684583,54a02857-184d-4f47-9762-3e137547d29a,45984ce7-d513-4104-b732-f384ba60aaab,7,327.22
7c2f7f3b-2100-451a-9d8d-478484a28121,54a02857-184d-4f47-9762-3e137547d29a,7cd7989a-8f1c-4d9e-bf71-cbba62bbc857,4,132.58
1f6b7c08-e25b-418e-b117-e011c57d2e32,54a02857-184d-4f47-9762-3e137547d29a,089fbead-6c2d-4c7f-8e04-d581fd0f61e8,9,467.9
